,0,1,2,3,4,5,6,7
0,As,SCONJ,4315396256372657493,12976,Como,SCONJ,4970798220701330131,12959
1,a,DET,11901859001352538922,12976,0,0,0,0
2,conceptual,ADJ,15643571414500284369,12976,conceptual,ADJ,15643571414500284369,12959
3,artist,NOUN,13980726799400849663,12976,artista,NOUN,1194353770427601806,12959
4,",",PUNCT,2593208677638477497,12976,",",PUNCT,2593208677638477497,12959
5,I,PRON,4690420944186131903,14394,0,0,0,0
6,'m,AUX,8504683628951808721,14394,0,0,0,0
7,constantly,ADV,6322888662397724766,14394,constantemente,ADV,16532731513119654712,14394
8,looking,VERB,15185124772021413096,14394,busco,VERB,15070469479128525099,14394
9,for,ADP,16037325823156266367,14394,para,ADP,17491956544424926374,14394
10,creative,ADJ,1433653077910583464,14394,creativas,ADJ,1798817908526345420,14394
11,ways,NOUN,7119356634073270832,14394,conversaciones,NOUN,7052950341837310474,14394
12,to,PART,3791531372978436496,14394,difíciles,ADJ,637989145543347493,14394
13,spark,VERB,8934045889402696478,14394,iniciar,VERB,5578366314850217514,14394
14,challenging,NOUN,12567958961177231520,14394,maneras,NOUN,17619138510121572676,14394
15,conversations,NOUN,12736596185291561819,14394,0,0,0,0
16,.,PUNCT,12646065887601541794,14394,.,PUNCT,12646065887601541794,14394
17,I,PRON,4690420944186131903,18726,Lo,PRON,3892584616005055440,18486
18,do,AUX,2158845516055552166,18726,hago,VERB,409998428436883496,18486
19,this,DET,1995909169258310477,18726,la,DET,6804705863737483857,18486
20,though,SCONJ,16680099953739830072,18726,a,ADP,11901859001352538922,18486
21,painting,NOUN,2804421422563523726,18726,través,NOUN,17449376082296395841,18486
22,",",PUNCT,2593208677638477497,18726,de,ADP,11144093025662894627,18486
23,sculpture,NOUN,17592433476969138703,18726,pintura,NOUN,17676767180693928631,18486
24,",",PUNCT,2593208677638477497,18726,",",PUNCT,2593208677638477497,18486
25,video,NOUN,4105620495553881905,18726,la,DET,6804705863737483857,18486
26,and,CCONJ,2283656566040971221,18726,0,0,0,0
27,performance,NOUN,7162342725099726394,18726,escultura,NOUN,12199055884939259788,18486
28,.,PUNCT,12646065887601541794,18726,",",PUNCT,2593208677638477497,18486
29,But,CCONJ,18004243461113809161,22449,el,DET,11488171005156075516,20706
30,regardless,ADV,12884056795572678793,22449,material,NOUN,8984464104423655975,20706
31,0,0,0,0,filmado,ADJ,698941490578824405,20706
32,0,0,0,0,y,CONJ,9409450202036847209,20706
33,the,DET,7425985699627899538,22449,la,DET,6804705863737483857,20706
34,format,NOUN,5603108116260307840,22449,actuación,NOUN,8527886845745967979,20706
35,of,ADP,886050111519832510,22449,en,ADP,14626626061804382878,20706
36,0,0,0,0,directo,NOUN,10031118153590681696,20706
37,",",PUNCT,2593208677638477497,22449,.,PUNCT,12646065887601541794,20706
38,two,NUM,11711838292424000352,23912,Pero,CONJ,3012608552889114327,22919
39,of,ADP,886050111519832510,23912,del,ADP,14178434899903659559,22919
40,my,DET,227504873216781231,23912,independientemente,ADV,1773161019551594536,22919
41,favorite,ADJ,4906751406723967475,23912,0,0,0,0
42,materials,NOUN,6301741662401588999,23912,formato,NOUN,5337490681803081627,22919
43,are,AUX,5012629990875267006,23912,0,0,0,0
44,history,NOUN,6249630248276940353,23912,0,0,0,0
45,and,CCONJ,2283656566040971221,23912,0,0,0,0
46,dialogue,NOUN,9260171707209243327,23912,0,0,0,0
47,.,PUNCT,12646065887601541794,23912,",",PUNCT,2593208677638477497,22919
48,In,ADP,17831099778462416609,27796,En,ADP,11159992760278512227,27795
49,2007,NUM,4146535246006245184,27796,2007,NOUN,4146535246006245184,27795
50,",",PUNCT,2593208677638477497,27796,",",PUNCT,2593208677638477497,27795
51,I,PRON,4690420944186131903,27796,0,0,0,0
52,created,VERB,9387463577176459677,27796,creé,VERB,9196392318355043943,27795
53,"""",PUNCT,15884554869126768810,27796,"""",PUNCT,15884554869126768810,27795
54,Lotus,PROPN,14301157345170460225,27796,Lotus,PROPN,14301157345170460225,27795
55,",",PUNCT,2593208677638477497,27796,",",PUNCT,2593208677638477497,27795
56,"""",PUNCT,15884554869126768810,27796,"""",PUNCT,15884554869126768810,27795
57,a,DET,11901859001352538922,30259,una,DET,1019041181156623609,27795
58,seven,NUM,9140921866125308243,30259,2,NUM,15180167692696242062,27795
59,-,PUNCT,9153284864653046197,30259,de,ADP,11144093025662894627,27795
60,and,CCONJ,2283656566040971221,30259,0,0,0,0
61,-,PUNCT,9153284864653046197,30259,de,ADP,11144093025662894627,27795
62,a,DET,11901859001352538922,30259,0,0,0,0
63,-,PUNCT,9153284864653046197,30259,0,0,0,0
64,half,NOUN,11367834210198928698,30259,diámetro,NOUN,14138464506904953613,27795
65,-,PUNCT,9153284864653046197,30259,0,0,0,0
66,foot,NOUN,779410287755165804,30259,obra,NOUN,1571691593357301199,27795
67,diameter,NOUN,10517803036282913930,30259,m,NOUN,646772771845179972,27795
68,",",PUNCT,2593208677638477497,30259,0,0,0,0
69,0,0,0,0,que,SCONJ,11474801393294414462,32042
70,glass,NOUN,6695266387340695867,32057,representaba,VERB,15716233434021618187,32042
71,a,DET,11901859001352538922,32057,una,DET,1019041181156623609,32042
72,depiction,NOUN,12132272217768656297,32057,flor,NOUN,4440223239575732254,32042
73,of,ADP,886050111519832510,32057,de,ADP,11144093025662894627,32042
74,blossom,NOUN,13278234033756765565,32057,loto,NOUN,18236087644492400119,32042
75,0,0,0,0,de,ADP,11144093025662894627,32042
76,600-pound,NUM,1149142132854374124,32057,272,NUM,8880838394660491477,32042
77,lotus,PROPN,1032611249835404600,32057,kg,PROPN,216950944224715492,32042
78,0,0,0,0,en,ADP,14626626061804382878,32042
79,0,0,0,0,vidrio,NOUN,9539663311302459430,32042
80,.,PUNCT,12646065887601541794,32057,.,PUNCT,12646065887601541794,32042
81,In,ADP,17831099778462416609,35937,En,ADP,11159992760278512227,35937
82,0,0,0,0,el,DET,11488171005156075516,35937
83,lotus,NOUN,1032611249835404600,35937,budismo,NOUN,7001744931285884693,35937
84,the,DET,7425985699627899538,35937,el,DET,11488171005156075516,35937
85,Buddhism,PROPN,4130905656383570797,35937,loto,PROPN,18236087644492400119,35937
86,is,AUX,3411606890003347522,35937,es,AUX,10343076919720641053,35937
87,a,DET,11901859001352538922,35937,un,DET,12188161997964598936,35937
88,symbol,NOUN,12916593181544568117,35937,símbolo,NOUN,8347769339526955606,35937
89,for,ADP,16037325823156266367,35937,de,ADP,11144093025662894627,35937
90,transcendence,NOUN,6024927667124927925,35937,trascendencia,NOUN,2850052577360595945,35937
91,",",PUNCT,2593208677638477497,35937,",",PUNCT,2593208677638477497,35937
92,and,CCONJ,2283656566040971221,39430,la,DET,6804705863737483857,39430
93,purity,NOUN,8811625241187452698,39430,pureza,NOUN,3660849826330709971,39430
94,for,ADP,16037325823156266367,39430,de,ADP,11144093025662894627,39430
95,of,ADP,886050111519832510,39430,la,DET,6804705863737483857,39430
96,mind,NOUN,8811887512194128535,39430,mente,NOUN,534530165151678232,39430
97,and,CCONJ,2283656566040971221,39430,y,CONJ,9409450202036847209,39430
98,0,0,0,0,el,DET,11488171005156075516,39430
99,spirit,NOUN,3135372396414586702,39430,espíritu,NOUN,5831207239501245925,39430
100,.,PUNCT,12646065887601541794,39430,.,PUNCT,12646065887601541794,39430
101,But,CCONJ,18004243461113809161,41882,Sin,ADP,16989565700622806292,41882
102,look,NOUN,16096726548953279178,41882,embargo,NOUN,18189741886919438293,41882
103,0,0,0,0,",",PUNCT,2593208677638477497,41882
104,a,DET,11901859001352538922,41882,una,DET,1019041181156623609,41882
105,lotus,NOUN,1032611249835404600,41882,mirada,NOUN,17180196243274166288,41882
106,0,0,0,0,más,ADV,13805553149795463782,41882
107,closer,ADJ,16457362636243758145,41882,cercana,ADJ,68992161981252341,41882
108,at,ADP,11667289587015813222,41882,a,ADP,11901859001352538922,41882
109,this,DET,1995909169258310477,41882,este,DET,15654890294676217493,41882
110,0,0,0,0,loto,NOUN,18236087644492400119,41882
111,reveals,VERB,14159668195101049951,44327,revela,VERB,17636149014359857993,44327
112,each,DET,5379624210385286023,44327,cada,DET,9828466699353315767,44327
113,petal,NOUN,14346139725735730420,44327,pétalo,NOUN,7943370190244327973,44327
114,to,PART,3791531372978436496,44327,que,SCONJ,11474801393294414462,44327
115,be,AUX,10382539506755952630,44327,es,AUX,10343076919720641053,44327
116,the,DET,7425985699627899538,44327,una,DET,1019041181156623609,44327
117,cross,NOUN,8734324568794052990,44327,sección,NOUN,1518007720254995749,44327
118,-,NOUN,9153284864653046197,44327,transversal,ADJ,3181435556091613820,44327
119,section,NOUN,14418829838670935302,44327,de,ADP,11144093025662894627,44327
120,of,ADP,886050111519832510,44327,de,ADP,11144093025662894627,44327
121,a,DET,11901859001352538922,44327,un,DET,12188161997964598936,44327
122,slave,NOUN,14489702253140395053,44327,barco,NOUN,10543944496222793693,44327
123,ship,NOUN,9247307329946524027,44327,esclavos,NOUN,4151397779584384667,44327
124,.,PUNCT,12646065887601541794,44327,.,PUNCT,12646065887601541794,44327
125,This,DET,12943039165150086467,47985,0,0,0,0
126,iconic,ADJ,8471983369927748718,47985,0,0,0,0
127,diagram,NOUN,3997351065505649662,47985,0,0,0,0
128,was,AUX,9921686513378912864,47985,0,0,0,0
129,taken,VERB,10068469413441223976,47985,0,0,0,0
130,from,ADP,7831658034963690409,47985,0,0,0,0
131,a,DET,11901859001352538922,47985,0,0,0,0
132,British,ADJ,15998110809398059887,47985,0,0,0,0
133,slaving,NOUN,2360380686596753499,47985,0,0,0,0
134,manual,NOUN,11167386131498094434,47985,0,0,0,0
135,and,CCONJ,2283656566040971221,51684,que,SCONJ,11474801393294414462,51684
136,later,ADV,7943840425043720459,51684,luego,ADV,4526122816444084130,51684
137,used,VERB,17544535479879614370,51684,usaron,VERB,2374386090666145792,51684
138,by,ADP,16764210730586636600,51684,lo,PRON,12507729120330568444,51684
139,abolitionists,NOUN,4937331561022972173,51684,abolicionistas,NOUN,2148423315964256778,51684
140,to,PART,3791531372978436496,51684,0,0,0,0
141,show,VERB,1916734850589852068,51684,0,0,0,0
142,the,DET,7425985699627899538,51684,los,DET,7307884290799599686,51684
143,atrocities,NOUN,8346311239417992067,51684,0,0,0,0
144,of,ADP,886050111519832510,51684,0,0,0,0
145,slavery,NOUN,13671848049017629158,51684,0,0,0,0
146,.,PUNCT,12646065887601541794,51684,0,0,0,0
147,In,ADP,17831099778462416609,56104,En,ADP,11159992760278512227,56104
148,America,PROPN,13134984502707718284,56104,EE,PROPN,6702891753683598627,56104
149,",",PUNCT,2593208677638477497,56104,.,PUNCT,12646065887601541794,56104
150,we,PRON,16064069575701507746,56104,nos,PRON,6968452539944589995,56104
151,do,AUX,2158845516055552166,56104,UU,PROPN,18036911186515040176,56104
152,n't,PART,2043519015752540944,56104,ni,CONJ,13213308835019175813,56104
153,like,VERB,18194338103975822726,56104,gusta,VERB,9342077789922592292,56104
154,to,PART,3791531372978436496,56104,0,0,0,0
155,talk,VERB,13939146775466599234,56104,hablar,VERB,18160074541727627272,56104
156,about,ADP,942632335873952620,56104,de,ADP,11144093025662894627,56104
157,slavery,NOUN,13671848049017629158,56104,esclavitud,NOUN,12786140058717482799,56104
158,",",PUNCT,2593208677638477497,56104,.,PUNCT,12646065887601541794,56104
159,nor,CCONJ,3667798547923487768,58533,0,0,0,0
160,do,AUX,2158845516055552166,58533,0,0,0,0
161,we,PRON,16064069575701507746,58533,0,0,0,0
162,look,VERB,16096726548953279178,58533,0,0,0,0
163,at,ADP,11667289587015813222,58533,0,0,0,0
164,it,PRON,10239237003504588839,58533,0,0,0,0
165,as,SCONJ,7437575085468336610,58533,0,0,0,0
166,a,DET,11901859001352538922,58533,la,DET,6804705863737483857,56104
167,global,ADJ,17053192215331816304,58533,0,0,0,0
168,industry,NOUN,16409696763006672153,58533,0,0,0,0
169,.,PUNCT,12646065887601541794,58533,0,0,0,0
170,But,CCONJ,18004243461113809161,61397,Pero,CONJ,3012608552889114327,61397
171,by,ADP,16764210730586636600,61397,mediante,ADP,12235930974009171082,61397
172,using,VERB,16421957100465448365,61397,el,DET,11488171005156075516,61397
173,this,DET,1995909169258310477,61397,este,DET,15654890294676217493,61397
174,Buddhist,ADJ,15073998310877805539,61397,budista,ADJ,7970017588867588396,61397
175,symbol,NOUN,12916593181544568117,61397,uso,NOUN,6924770253814089593,61397
176,",",PUNCT,2593208677638477497,61397,",",PUNCT,2593208677638477497,61397
177,I,PRON,4690420944186131903,63049,de,ADP,11144093025662894627,61397
178,hope,VERB,4429974322456332988,63049,símbolo,NOUN,8347769339526955606,61397
179,to,PART,3791531372978436496,63049,0,0,0,0
180,universalize,VERB,1205285640593162180,63049,0,0,0,0
181,and,CCONJ,2283656566040971221,63049,0,0,0,0
182,transcend,VERB,4071405112879121205,63049,0,0,0,0
183,0,0,0,0,espero,VERB,10574261860928927286,63625
184,history,NOUN,6249630248276940353,65676,universalizar,VERB,6093070427821553010,63625
185,and,CCONJ,2283656566040971221,65676,y,CONJ,9409450202036847209,63625
186,black,ADJ,6088217638129078516,65676,superar,VERB,3483331107839560522,63625
187,the,DET,7425985699627899538,65676,los,DET,7307884290799599686,63625
188,trauma,NOUN,15078196187024064172,65676,limites,NOUN,16769413395026053237,63625
189,of,ADP,886050111519832510,65676,de,ADP,11144093025662894627,63625
190,America,PROPN,13134984502707718284,65676,la,DET,6804705863737483857,63625
191,0,0,0,0,historia,NOUN,1358726833428160876,63625
192,and,CCONJ,2283656566040971221,68089,y,CONJ,9409450202036847209,66542
193,encourage,VERB,18244613377274813947,68089,el,DET,11488171005156075516,66542
194,discussions,NOUN,211692367299765198,68089,trauma,NOUN,15078196187024064172,66542
195,about,ADP,942632335873952620,68089,de,ADP,11144093025662894627,66542
196,our,DET,17577015140245084783,68089,nuestra,DET,6434645427240457100,66542
197,shared,VERB,4361563519079368632,68089,América,PROPN,15917716208899256942,66542
198,past,NOUN,14080206577736366893,68089,negra,ADJ,4559356623406819032,66542
199,.,PUNCT,12646065887601541794,68089,",",PUNCT,2593208677638477497,66542
200,To,PART,7831192797367251337,72033,Para,ADP,10333969874311743441,72033
201,create,VERB,10217138629343254602,72033,crear,VERB,6553477732940634675,72033
202,"""",PUNCT,15884554869126768810,72033,"""",PUNCT,15884554869126768810,72033
203,Lotus,PROPN,14301157345170460225,72033,Lotus,PROPN,14301157345170460225,72033
204,",",PUNCT,2593208677638477497,72033,"""",PUNCT,15884554869126768810,72033
205,"""",PUNCT,15884554869126768810,72033,",",PUNCT,2593208677638477497,72033
206,we,PRON,16064069575701507746,72033,hemos,AUX,4219622862681744689,72033
207,carved,VERB,8267213807263966097,72033,tallado,VERB,4953284630981998269,72033
208,over,ADP,5456543204961066030,72033,de,ADP,11144093025662894627,72033
209,"6,000",NUM,14483898878311183597,72033,6000,NUM,6366736086643596140,72033
210,figures,NOUN,7164433262778478081,72033,figuras,NOUN,13237289035697496260,72033
211,.,PUNCT,12646065887601541794,72033,más,ADV,13805553149795463782,72033
212,And,CCONJ,12172435438170721471,76469,que,SCONJ,11474801393294414462,75948
213,this,DET,1995909169258310477,76469,se,PRON,9839690450034771972,75948
214,later,ADV,7943840425043720459,76469,0,0,0,0
215,led,VERB,5121906190925376702,76469,convirtieron,VERB,5169061980531302889,75948
216,to,ADP,3791531372978436496,76469,en,ADP,14626626061804382878,75948
217,a,DET,11901859001352538922,76469,un,DET,12188161997964598936,75948
218,commission,NOUN,1620309204650501097,76469,encargo,NOUN,9496202484927009340,75948
219,by,ADP,16764210730586636600,76469,de,ADP,11144093025662894627,75948
220,the,DET,7425985699627899538,76469,la,DET,6804705863737483857,75948
221,City,PROPN,728339108046626067,76469,ciudad,NOUN,10969768467982037696,75948
222,of,ADP,886050111519832510,76469,de,ADP,11144093025662894627,75948
223,New,PROPN,7503827727184870577,76469,York,PROPN,7898044819112200372,75948
224,York,PROPN,7898044819112200372,76469,Nueva,PROPN,12377269440909859748,75948
225,to,PART,3791531372978436496,79216,para,ADP,17491956544424926374,79066
226,create,VERB,10217138629343254602,79216,crear,VERB,6553477732940634675,79066
227,a,DET,11901859001352538922,79216,una,DET,1019041181156623609,79066
228,28-foot,NUM,168168209278481996,79216,8.5,NUM,8823255418745938653,79066
229,version,NOUN,2639073426372099914,79216,versión,NOUN,2999048447366072538,79066
230,in,ADP,3002984154512732771,79216,de,ADP,11144093025662894627,79066
231,steel,NOUN,17715579902220541972,79216,acero,NOUN,9097700833531044150,79066
232,as,SCONJ,7437575085468336610,81494,0,0,0,0
233,a,DET,11901859001352538922,81494,0,0,0,0
234,permanent,ADJ,9267770204771461587,81494,0,0,0,0
235,installation,NOUN,10539608334452843218,81494,m,NOUN,646772771845179972,79066
236,at,ADP,11667289587015813222,81494,de,ADP,11144093025662894627,79066
237,the,DET,7425985699627899538,81494,0,0,0,0
238,Eagle,PROPN,583109341699212737,81494,0,0,0,0
239,Academy,PROPN,8788920190290139567,81494,0,0,0,0
240,for,ADP,16037325823156266367,81494,0,0,0,0
241,Young,PROPN,17217008488255594911,81494,0,0,0,0
242,Men,PROPN,16964100455166494074,81494,0,0,0,0
243,",",PUNCT,2593208677638477497,81494,0,0,0,0
244,a,DET,11901859001352538922,84960,una,DET,1019041181156623609,84960
245,school,NOUN,13293160603192985325,84960,escuela,NOUN,7044080143161344549,84960
246,for,ADP,16037325823156266367,84960,para,ADP,17491956544424926374,84960
247,black,ADJ,6088217638129078516,84960,negros,ADJ,2909025852464313285,84960
248,and,CCONJ,2283656566040971221,84960,0,0,0,0
249,latino,ADJ,17235725241965491704,84960,y,CONJ,9409450202036847209,84960
250,students,NOUN,7876819095232981007,84960,latinos,NOUN,13348442365301426551,84960
251,",",PUNCT,2593208677638477497,84960,",",PUNCT,2593208677638477497,84960
252,the,DET,7425985699627899538,87122,0,0,0,0
253,two,NUM,11711838292424000352,87122,0,0,0,0
254,groups,NOUN,9836412993229519587,87122,estudiantes,NOUN,16394443896911518154,84960
255,most,ADV,11104729984170784471,87122,0,0,0,0
256,affected,VERB,3742164476416456328,87122,0,0,0,0
257,by,ADP,16764210730586636600,87122,0,0,0,0
258,this,DET,1995909169258310477,87122,0,0,0,0
259,history,NOUN,6249630248276940353,87122,0,0,0,0
260,.,PUNCT,12646065887601541794,87122,0,0,0,0
261,The,DET,5059648917813135842,90244,los,DET,7307884290799599686,87448
262,same,ADJ,7488871353255107396,90244,de,ADP,11144093025662894627,87448
263,two,NUM,11711838292424000352,90244,dos,NUM,14014603652905717938,87448
264,groups,NOUN,9836412993229519587,90244,grupos,NOUN,15027864241640256378,87448
265,are,AUX,5012629990875267006,90244,0,0,0,0
266,very,ADV,9548244504980166557,90244,más,ADV,13805553149795463782,87448
267,affected,ADJ,3742164476416456328,90244,afectados,ADJ,10635761829476873040,87448
268,by,ADP,16764210730586636600,90244,por,ADP,18244196334509357400,87448
269,a,DET,11901859001352538922,90244,esta,DET,5821559423218928566,87448
270,more,ADV,2160362229054775535,90244,0,0,0,0
271,recent,ADJ,14101204033091332526,90244,0,0,0,0
272,phenomenon,NOUN,8883371060435246730,90244,historia,NOUN,1358726833428160876,87448
273,",",PUNCT,2593208677638477497,90244,.,PUNCT,12646065887601541794,87448
274,but,CCONJ,14560795576765492085,93819,Los,DET,8281310487209232694,90255
275,let,VERB,278066919066513387,93819,mismos,DET,6386153338868054307,90255
276,me,PRON,18197037023634208128,93819,dos,NUM,14014603652905717938,90255
277,digress,NOUN,2268856933309842479,93819,grupos,NOUN,15027864241640256378,90255
278,.,PUNCT,12646065887601541794,93819,están,AUX,9329291831938041508,90255
279,0,0,0,0,muy,ADV,16868253375141016776,90255
280,0,0,0,0,afectados,ADJ,10635761829476873040,90255
281,0,0,0,0,por,ADP,18244196334509357400,90255
282,0,0,0,0,un,DET,12188161997964598936,90255
283,0,0,0,0,fenómeno,NOUN,2623919855711220242,90255
284,0,0,0,0,más,ADV,13805553149795463782,90255
285,0,0,0,0,reciente,ADJ,12462685883451098389,90255
286,0,0,0,0,",",PUNCT,2593208677638477497,90255
287,I,PRON,4690420944186131903,95840,figuras,NOUN,13237289035697496260,95501
288,'ve,AUX,2989924464908128948,95840,He,AUX,1692983299745037067,95501
289,been,AUX,12517269084653561647,95840,estado,AUX,16787858920008161436,95501
290,collecting,VERB,15694976986167941027,95840,coleccionando,VERB,2518729441926338397,95501
291,wooden,ADJ,2009164180040567967,95840,africanas,ADJ,1775566736106696139,95501
292,African,ADJ,3477795116146772476,95840,de,ADP,11144093025662894627,95501
293,figures,NOUN,7164433262778478081,95840,madera,NOUN,3016778010862056278,95501
294,from,ADP,7831658034963690409,98031,de,ADP,11144093025662894627,98031
295,tourist,NOUN,5675732687361739158,98031,tiendas,NOUN,13681728427148159307,98031
296,shops,NOUN,6167902423499596508,98031,turísticas,ADJ,15136169180980978628,98031
297,and,CCONJ,2283656566040971221,98031,y,CONJ,9409450202036847209,98031
298,flea,NOUN,11948613342537765294,98031,mercadillos,NOUN,15820851847313016099,98031
299,markets,NOUN,17084366694889537055,98031,0,0,0,0
300,around,ADP,3194226484742107227,98031,de,ADP,11144093025662894627,98031
301,the,DET,7425985699627899538,98031,el,DET,11488171005156075516,98031
302,world,NOUN,1703489418272052182,98031,mundo,NOUN,4571220300153094564,98031
303,.,PUNCT,12646065887601541794,98031,.,PUNCT,12646065887601541794,98031
304,The,DET,5059648917813135842,100539,todo,DET,1039296168925561739,98031
305,authenticity,NOUN,13484392961726300785,100539,0,0,0,0
306,and,CCONJ,2283656566040971221,100539,0,0,0,0
307,origin,NOUN,7633559846251905887,100539,0,0,0,0
308,of,ADP,886050111519832510,100539,0,0,0,0
309,them,PRON,7976265300568155021,100539,0,0,0,0
310,is,AUX,3411606890003347522,100539,0,0,0,0
311,completely,ADV,2718831956170789690,100539,0,0,0,0
312,debatable,ADJ,3350154900491719647,100539,0,0,0,0
313,",",PUNCT,2593208677638477497,100539,0,0,0,0
314,but,CCONJ,14560795576765492085,103645,pero,CONJ,4949779210556390094,103645
315,people,NOUN,7593739049417968140,103645,gente,NOUN,11998830313806299131,103645
316,believe,VERB,7936246238499659209,103645,cree,VERB,16665973061186745001,103645
317,these,DET,6459564349623679250,103645,la,DET,6804705863737483857,103645
318,to,PART,3791531372978436496,103645,que,SCONJ,11474801393294414462,103645
319,be,AUX,10382539506755952630,103645,son,AUX,2555790282192608669,103645
320,imbued,VERB,647458395204809400,103645,otorgan,VERB,1748069235496021310,103645
321,with,ADP,12510949447758279278,103645,o,CONJ,1489474827855109852,103645
322,power,NOUN,10405720708504167118,103645,poderes,NOUN,3979481242202851348,103645
323,",",PUNCT,2593208677638477497,103645,que,SCONJ,11474801393294414462,103645
324,or,CCONJ,3740602843040177340,106327,0,0,0,0
325,even,ADV,17339226045912991082,106327,incluso,ADV,16515228247521705185,103645
326,magic,ADJ,15327358390841282919,106327,mágicas,ADJ,5655809284188386096,103645
327,.,PUNCT,12646065887601541794,106327,.,PUNCT,12646065887601541794,103645
328,Only,ADV,9031133863952435755,107683,0,0,0,0
329,recently,ADV,1240383662128343654,107683,0,0,0,0
330,have,AUX,14692702688101715474,107683,0,0,0,0
331,I,PRON,4690420944186131903,107683,0,0,0,0
332,figured,VERB,15978771178899614458,107683,0,0,0,0
333,out,ADP,1696981056005371314,107683,0,0,0,0
334,how,ADV,16331095434822636218,107683,0,0,0,0
335,to,PART,3791531372978436496,107683,0,0,0,0
336,use,VERB,6873750497785110593,107683,0,0,0,0
337,this,DET,1995909169258310477,107683,0,0,0,0
338,in,ADP,3002984154512732771,107683,0,0,0,0
339,my,DET,227504873216781231,107683,0,0,0,0
340,own,ADJ,2646123857127441627,107683,0,0,0,0
341,work,NOUN,10038440415813069799,107683,0,0,0,0
342,.,PUNCT,12646065887601541794,107683,0,0,0,0
343,(,PUNCT,12638816674900267446,111412,(,PUNCT,12638816674900267446,111412
344,Gun,PROPN,6028897106075192069,111412,Disparos,PROPN,13791371713791616574,111412
345,shots,NOUN,12906836014450013342,111412,0,0,0,0
346,),PUNCT,3842344029291005339,111412,),PUNCT,3842344029291005339,111412
347,Since,SCONJ,7200167435465641822,125253,Desde,ADP,5580578447996358928,125250
348,2012,NUM,10853304199816077339,125253,2012,NOUN,10853304199816077339,125250
349,",",PUNCT,2593208677638477497,125253,ha,AUX,8521863001484601166,125250
350,the,DET,7425985699627899538,125253,el,DET,11488171005156075516,125250
351,world,NOUN,1703489418272052182,125253,mundo,NOUN,4571220300153094564,125250
352,has,AUX,1248239241591158246,125253,sido,AUX,9828199342074426560,125250
353,witnessed,VERB,6073629563232742663,125253,testigo,NOUN,17089982371355160249,125250
354,the,DET,7425985699627899538,125253,la,DET,6804705863737483857,125250
355,killings,NOUN,14094692355602580076,125253,muerte,NOUN,18445030978461390728,125250
356,of,ADP,886050111519832510,125253,de,ADP,11144093025662894627,125250
357,Trayvon,PROPN,5947903543376084743,125253,de,ADP,11144093025662894627,125250
358,Martin,PROPN,9222956505406395913,125253,Trayvon,PROPN,5947903543376084743,125250
359,",",PUNCT,2593208677638477497,125253,",",PUNCT,2593208677638477497,125250
360,Michael,PROPN,7950405567969217468,129445,Martin,PROPN,9222956505406395913,125250
361,Brown,PROPN,12667495615604954721,129445,0,0,0,0
362,",",PUNCT,2593208677638477497,129445,0,0,0,0
363,Eric,PROPN,12533596701128352688,129445,0,0,0,0
364,Garner,PROPN,2864529532926263709,129445,0,0,0,0
365,",",PUNCT,2593208677638477497,129445,0,0,0,0
366,Sandra,PROPN,9893468051260839303,129445,0,0,0,0
367,Bland,PROPN,9450272161408549915,129445,0,0,0,0
368,",",PUNCT,2593208677638477497,129445,0,0,0,0
369,Tamir,PROPN,8497716209794117032,129445,0,0,0,0
370,Rice,PROPN,2884007220888037773,129445,0,0,0,0
371,and,CCONJ,2283656566040971221,133209,y,CONJ,9409450202036847209,132915
372,countless,ADJ,16012476060637190585,133209,",",PUNCT,2593208677638477497,132915
373,literally,ADV,13778206391019748510,133209,literalmente,ADV,15166321361939756963,132915
374,other,ADJ,1176656782636220709,133209,",",PUNCT,2593208677638477497,132915
375,0,0,0,0,un,DET,12188161997964598936,132915
376,citizens,NOUN,12801219534282189153,133209,sinnúmero,NOUN,15827724047491870009,132915
377,0,0,0,0,de,ADP,11144093025662894627,132915
378,0,0,0,0,otros,DET,4352301292778471070,132915
379,0,0,0,0,ciudadanos,NOUN,17904520626554340583,132915
380,black,ADJ,6088217638129078516,133209,negros,ADJ,2909025852464313285,132915
381,unarmed,ADJ,6340112478280578702,133209,desarmados,ADJ,11707637607960543021,132915
382,at,ADP,11667289587015813222,136193,a,ADP,11901859001352538922,136193
383,the,DET,7425985699627899538,136193,0,0,0,0
384,hands,NOUN,1689680727489136653,136193,manos,NOUN,2618334849030575470,136193
385,of,ADP,886050111519832510,136193,de,ADP,11144093025662894627,136193
386,the,DET,7425985699627899538,136193,la,DET,6804705863737483857,136193
387,police,NOUN,8189922240613463624,136193,policía,NOUN,4349630400973401849,136193
388,",",PUNCT,2593208677638477497,136193,",",PUNCT,2593208677638477497,136193
389,who,PRON,3876862883474502309,137646,se,PRON,9839690450034771972,137646
390,frequently,ADV,13669659436261086020,137646,con,ADP,6945313634251781056,137646
391,walk,VERB,1674876016505392235,137646,salen,VERB,15144820110917922422,137646
392,away,ADV,15726112966383307120,137646,que,SCONJ,11474801393294414462,137646
393,with,ADP,12510949447758279278,137646,con,ADP,6945313634251781056,137646
394,no,DET,13055779130471031426,137646,la,DET,6804705863737483857,137646
395,punishment,NOUN,4792685989905896584,137646,frecuencia,NOUN,8604282367781554189,137646
396,at,ADV,11667289587015813222,137646,suya,DET,17373015755704205644,137646
397,all,ADV,13409319323822384369,137646,0,0,0,0
398,.,PUNCT,12646065887601541794,137646,.,PUNCT,12646065887601541794,137646
399,In,ADP,17831099778462416609,140775,Para,ADP,10333969874311743441,140775
400,consideration,NOUN,11066183879367440685,140775,homenajear,VERB,18312614048656588058,140775
401,of,ADP,886050111519832510,140775,a,ADP,11901859001352538922,140775
402,these,DET,6459564349623679250,140775,estas,DET,16010204526465958382,140775
403,victims,NOUN,167973216522080181,140775,víctimas,NOUN,13617060232943473307,140775
404,and,CCONJ,2283656566040971221,142828,y,CONJ,9409450202036847209,142828
405,the,DET,7425985699627899538,142828,las,DET,6526950402091386798,142828
406,several,ADJ,16652247175759725537,142828,por,ADP,18244196334509357400,142828
407,times,NOUN,12380071558262218793,142828,veces,NOUN,18218929533061403504,142828
408,that,SCONJ,4380130941430378203,142828,que,PRON,11474801393294414462,142828
409,even,ADV,17339226045912991082,142828,incluso,ADV,16515228247521705185,142828
410,I,PRON,4690420944186131903,142828,yo,PRON,8387856443177761115,142828
411,",",PUNCT,2593208677638477497,142828,",",PUNCT,2593208677638477497,142828
412,a,DET,11901859001352538922,144662,varias,DET,17295091404336203784,142828
413,law,NOUN,12630948021571808299,144662,0,0,0,0
414,-,PUNCT,9153284864653046197,144662,0,0,0,0
415,abiding,VERB,4364222774082587921,144662,0,0,0,0
416,",",PUNCT,2593208677638477497,144662,0,0,0,0
417,Ivy,PROPN,12376435672284753773,144662,0,0,0,0
418,League,PROPN,303894265455322974,144662,0,0,0,0
419,professor,NOUN,7906319851862027918,144662,0,0,0,0
420,",",PUNCT,2593208677638477497,144662,0,0,0,0
421,have,AUX,14692702688101715474,147159,un,DET,12188161997964598936,144722
422,been,AUX,12517269084653561647,147159,profesor,NOUN,7870254519970093974,144722
423,targeted,VERB,11720030877899249678,147159,de,ADP,11144093025662894627,144722
424,and,CCONJ,2283656566040971221,147159,una,DET,1019041181156623609,144722
425,gunpoint,NOUN,685005138221896271,147159,universidad,NOUN,12674310660142809564,144722
426,at,ADP,11667289587015813222,147159,de,ADP,11144093025662894627,144722
427,0,0,0,0,renombre,PROPN,147086065147771247,144722
428,by,ADP,16764210730586636600,147159,que,PRON,11474801393294414462,144722
429,harassed,VERB,6064276082963233361,147159,respeta,VERB,10384782626736469561,144722
430,the,DET,7425985699627899538,147159,la,DET,6804705863737483857,144722
431,police,NOUN,8189922240613463624,147159,ley,NOUN,2516309641798068117,144722
432,.,PUNCT,12646065887601541794,147159,",",PUNCT,2593208677638477497,144722
433,I,PRON,4690420944186131903,150647,he,AUX,1655312771067108281,147805
434,created,VERB,9387463577176459677,150647,sido,AUX,9828199342074426560,147805
435,this,DET,1995909169258310477,150647,blanco,ADJ,14138155894844682918,147805
436,of,ADP,886050111519832510,150647,de,ADP,11144093025662894627,147805
437,body,NOUN,12275956947298454125,150647,ataques,NOUN,9549115179389391459,147805
438,simply,ADV,457677895872404942,150647,y,CONJ,9409450202036847209,147805
439,work,NOUN,10038440415813069799,150647,acoso,NOUN,586401619366475283,147805
440,entitled,VERB,3685813351605477640,150647,a,ADP,11901859001352538922,147805
441,"""",PUNCT,15884554869126768810,150647,punta,NOUN,2502927917095045503,147805
442,0,0,0,0,de,ADP,11144093025662894627,147805
443,BAM,NOUN,5803308133968132542,150647,pistola,NOUN,15411792642621745163,147805
444,.,PUNCT,12646065887601541794,150647,a,ADP,11901859001352538922,147805
445,0,0,0,0,manos,NOUN,2618334849030575470,147805
446,0,0,0,0,de,ADP,11144093025662894627,147805
447,0,0,0,0,la,DET,6804705863737483857,147805
448,0,0,0,0,policía,NOUN,4349630400973401849,147805
449,"""",PUNCT,15884554869126768810,150647,.,PUNCT,12646065887601541794,147805
450,It,PRON,7859011591137717335,156389,una,PRON,1019041181156623609,156389
451,was,AUX,9921686513378912864,156389,Era,AUX,16977074426817811479,156389
452,important,ADJ,5951875591235763184,156389,importante,ADJ,3371823424964843453,156389
453,to,PART,3791531372978436496,156389,0,0,0,0
454,erase,VERB,961390590188668632,156389,borrar,VERB,10336609749455699605,156389
455,the,DET,7425985699627899538,156389,la,DET,6804705863737483857,156389
456,identity,NOUN,4889523011590584455,156389,identidad,NOUN,5123801968937023061,156389
457,of,ADP,886050111519832510,156389,de,ADP,11144093025662894627,156389
458,each,DET,5379624210385286023,156389,cada,DET,9828466699353315767,156389
459,of,ADP,886050111519832510,156389,de,ADP,11144093025662894627,156389
460,these,DET,6459564349623679250,156389,estas,DET,16010204526465958382,156389
461,figures,NOUN,7164433262778478081,156389,estatuas,NOUN,6513823410000621950,156389
462,",",PUNCT,2593208677638477497,156389,",",PUNCT,2593208677638477497,156389
463,to,PART,3791531372978436496,159912,para,ADP,17491956544424926374,159912
464,make,VERB,9614445426764226664,159912,hacer,AUX,17672920047749692400,159912
465,all,DET,13409319323822384369,159912,que,SCONJ,11474801393294414462,159912
466,them,PRON,7976265300568155021,159912,todas,PRON,16541400954320993806,159912
467,the,DET,7425985699627899538,159912,se,PRON,9839690450034771972,159912
468,look,VERB,16096726548953279178,159912,parezcan,VERB,5083121254099594392,159912
469,same,ADJ,7488871353255107396,159912,y,CONJ,9409450202036847209,159912
470,and,CCONJ,2283656566040971221,159912,sean,AUX,6139498919658700348,159912
471,to,PART,3791531372978436496,159912,más,ADV,13805553149795463782,159912
472,easier,ADJ,14633579141586060447,159912,fácil,ADJ,7991621623250481822,159912
473,0,0,0,0,de,ADP,11144093025662894627,159912
474,disregard,VERB,14750140314330161545,159912,pasar,VERB,8365782747564503572,159912
475,0,0,0,0,por,ADP,18244196334509357400,159912
476,0,0,0,0,alto,NOUN,18411866999517628997,159912
477,.,PUNCT,12646065887601541794,159912,.,PUNCT,12646065887601541794,159912
478,To,PART,7831192797367251337,163685,Para,ADP,10333969874311743441,163165
479,do,AUX,2158845516055552166,163685,0,0,0,0
480,this,DET,1995909169258310477,163685,una,DET,1019041181156623609,163165
481,",",PUNCT,2593208677638477497,163685,",",PUNCT,2593208677638477497,163165
482,I,PRON,4690420944186131903,163685,ello,PRON,16882085280180959752,163165
483,dip,VERB,16087081292374465504,163685,sumerjo,VERB,16606948193999262628,163165
484,them,PRON,7976265300568155021,163685,les,PRON,5902437463952755554,163165
485,in,ADP,3002984154512732771,163685,en,ADP,14626626061804382878,163165
486,a,DET,11901859001352538922,163685,espesa,NOUN,5821176995469243437,163165
487,thick,ADJ,13035274108665038098,163685,cera,ADJ,656205065678151110,163165
488,",",PUNCT,2593208677638477497,163685,de,ADP,11144093025662894627,163165
489,brown,ADJ,15566893785393968193,163685,marrón,ADJ,15866782321124550101,163165
490,wax,NOUN,7340758616018961957,163685,color,NOUN,7045580820573707335,163165
491,taking,VERB,4637778817647943105,165909,antes,ADV,12446581712315785411,165909
492,before,ADP,11320251846592927908,165909,de,ADP,11144093025662894627,165909
493,them,PRON,7976265300568155021,165909,llevarlas,NOUN,2764951731904651211,165909
494,to,ADP,3791531372978436496,165909,a,ADP,11901859001352538922,165909
495,a,DET,11901859001352538922,165909,un,DET,12188161997964598936,165909
496,shooting,NOUN,11421267059329222531,165909,campo,NOUN,15028733017056288193,165909
497,0,0,0,0,de,ADP,11144093025662894627,165909
498,range,NOUN,9780120844974374175,165909,tiro,NOUN,801293234289369549,165909
499,where,ADV,16318918034475841628,167896,0,0,0,0
500,I,PRON,4690420944186131903,167896,les,PRON,5902437463952755554,167876
501,re,VERB,677312232240094545,167896,esculpo,NOUN,7127025074260111067,167876
502,-,VERB,9153284864653046197,167896,de,ADP,11144093025662894627,167876
503,sculpted,VERB,5369138029984784636,167896,nuevo,ADJ,18164165726872120377,167876
504,them,PRON,7976265300568155021,167896,donde,PRON,15978451798512932743,167876
505,using,VERB,16421957100465448365,167896,usando,AUX,11016080632141083611,167876
506,bullets,NOUN,15257624075912027073,167896,balas,NOUN,17001082034769537360,167876
507,.,PUNCT,12646065887601541794,167896,.,PUNCT,12646065887601541794,167876
508,And,CCONJ,12172435438170721471,171098,Y,CONJ,16961793518281001049,171008
509,it,PRON,10239237003504588839,171098,0,0,0,0
510,was,AUX,9921686513378912864,171098,fue,AUX,6922200418372124953,171008
511,fun,ADJ,2579443659188327298,171098,divertido,VERB,14537867074222880082,171008
512,",",PUNCT,2593208677638477497,171098,",",PUNCT,2593208677638477497,171008
513,playing,VERB,13803694918078379268,172303,Jugando,VERB,8776687625402715831,172113
514,with,ADP,12510949447758279278,172303,con,ADP,6945313634251781056,172113
515,guns,NOUN,5597398742487132535,172303,armas,NOUN,10203976424847105759,172113
516,big,ADJ,15511632813958231649,172303,grandes,ADJ,3923687001980770117,172113
517,and,CCONJ,2283656566040971221,172303,y,CONJ,9409450202036847209,172113
518,speed,NOUN,14003375492315245697,172303,cámaras,NOUN,2678452803781854035,172113
519,-,PUNCT,9153284864653046197,172303,de,ADP,11144093025662894627,172113
520,video,NOUN,4105620495553881905,172303,vídeo,NOUN,397657721756714662,172113
521,0,0,0,0,de,ADP,11144093025662894627,172113
522,high,ADJ,8587113882175654237,172303,alta,ADJ,4725859412792640119,172113
523,cameras,NOUN,17938957121248987271,172303,velocidad,NOUN,15368723195835977776,172113
524,.,PUNCT,12646065887601541794,172303,.,PUNCT,12646065887601541794,172113
525,But,CCONJ,18004243461113809161,175164,Pero,CONJ,3012608552889114327,175164
526,my,DET,227504873216781231,175164,mi,DET,8676063341920465065,175164
527,reverence,NOUN,5068792430374742618,175164,veneración,NOUN,12572803092269293528,175164
528,for,ADP,16037325823156266367,175164,0,0,0,0
529,these,DET,6459564349623679250,175164,hizo,VERB,4144928593995776862,175164
530,figures,NOUN,7164433262778478081,175164,0,0,0,0
531,kept,VERB,17001500750327919785,175164,vacilar,VERB,5961635192025808518,175164
532,me,PRON,18197037023634208128,175164,me,PRON,18197037023634208128,175164
533,from,ADP,7831658034963690409,175164,al,ADP,8222700718889469974,175164
534,actually,ADV,11882120564994168090,175164,0,0,0,0
535,pulling,VERB,12260977758063226853,175164,apretar,VERB,1420382648779691466,175164
536,the,DET,7425985699627899538,175164,el,DET,11488171005156075516,175164
537,trigger,NOUN,768753753019343867,175164,gatillo,NOUN,3721165108130166929,175164
538,",",PUNCT,2593208677638477497,175164,",",PUNCT,2593208677638477497,175164
539,somehow,ADV,6325893992711880729,178845,ya,ADV,7831648150548777939,178445
540,feeling,VERB,15873186554868950905,178845,de,ADP,11144093025662894627,178445
541,as,SCONJ,7437575085468336610,178845,que,SCONJ,11474801393294414462,178445
542,if,SCONJ,12446819118446800910,178845,alguna,DET,9476533234829010752,178445
543,I,PRON,4690420944186131903,178845,manera,NOUN,498987833452431579,178445
544,would,VERB,6992604926141104606,178845,tenía,VERB,9004033731572856802,178445
545,be,AUX,10382539506755952630,178845,la,DET,6804705863737483857,178445
546,shooting,VERB,11421267059329222531,178845,sensación,NOUN,4722608607837239436,178445
547,myself,PRON,2177690308569554941,178845,mí,PRON,12975109311118457898,178445
548,.,PUNCT,12646065887601541794,178845,de,ADP,11144093025662894627,178445
549,Finally,ADV,13508328374558732598,181995,a,ADP,11901859001352538922,178445
550,",",PUNCT,2593208677638477497,181995,0,0,0,0
551,my,DET,227504873216781231,181995,mismo,ADJ,12984459046605325283,178445
552,cameraman,NOUN,6394696987142217112,181995,dispararme,NOUN,13901619170318452044,178445
553,",",PUNCT,2593208677638477497,181995,.,PUNCT,12646065887601541794,178445
554,Raul,PROPN,11887822072237191106,181995,0,0,0,0
555,",",PUNCT,2593208677638477497,181995,0,0,0,0
556,fired,VERB,1308105423965927667,181995,0,0,0,0
557,the,DET,7425985699627899538,181995,0,0,0,0
558,shots,NOUN,12906836014450013342,181995,0,0,0,0
559,.,PUNCT,12646065887601541794,181995,0,0,0,0
560,I,PRON,4690420944186131903,186503,0,0,0,0
561,then,ADV,2630753287402592467,186503,Entonces,ADV,1871212532239362114,186503
562,took,VERB,1524062747651706878,186503,reuní,VERB,5204720082758720229,186503
563,the,DET,7425985699627899538,186503,los,DET,7307884290799599686,186503
564,fragments,NOUN,648930739136945628,186503,fragmentos,NOUN,13488479700238205728,186503
565,of,ADP,886050111519832510,186503,0,0,0,0
566,these,DET,6459564349623679250,186503,0,0,0,0
567,and,CCONJ,2283656566040971221,188396,0,0,0,0
568,created,VERB,9387463577176459677,188396,cree,VERB,16665973061186745001,188396
569,molds,NOUN,4304508675949739221,188396,moldes,PROPN,8674009236789702880,188396
570,",",PUNCT,2593208677638477497,188396,",",PUNCT,2593208677638477497,188396
571,and,CCONJ,2283656566040971221,188396,0,0,0,0
572,cast,VERB,16839337850512191295,188396,0,0,0,0
573,them,PRON,7976265300568155021,188396,0,0,0,0
574,first,ADV,11860158879560853892,188396,primero,ADV,7162451540303751705,188396
575,in,ADP,3002984154512732771,188396,en,ADP,14626626061804382878,188396
576,wax,PROPN,7340758616018961957,188396,cera,PROPN,656205065678151110,188396
577,",",PUNCT,2593208677638477497,188396,",",PUNCT,2593208677638477497,188396
578,and,CCONJ,2283656566040971221,192749,y,CONJ,9409450202036847209,192749
579,finally,ADV,763475990769043802,192749,luego,ADV,4526122816444084130,192749
580,in,ADP,3002984154512732771,192749,en,ADP,14626626061804382878,192749
581,0,0,0,0,en,ADP,14626626061804382878,192749
582,bronze,NOUN,9307924200119674098,192749,bronce,NOUN,3177144392860575802,192749
583,like,SCONJ,18194338103975822726,192749,como,SCONJ,3817173063683202752,192749
584,0,0,0,0,en,ADP,14626626061804382878,192749
585,the,DET,7425985699627899538,192749,la,DET,6804705863737483857,192749
586,image,NOUN,17189192419614801911,192749,imagen,NOUN,2564002736584530148,192749
587,you,PRON,7624161793554793053,192749,que,PRON,11474801393294414462,192749
588,",",PUNCT,2593208677638477497,192749,se,PRON,9839690450034771972,192749
589,see,VERB,11925638236994514241,192749,ve,VERB,10105644630884274164,192749
590,here,ADV,411390626470654571,192749,aquí,ADV,11304695278136339124,192749
591,which,DET,7063653163634019529,195876,y,CONJ,9409450202036847209,195876
592,bears,VERB,501295557768961647,195876,lleva,VERB,12655890425680816999,195876
593,the,DET,7425985699627899538,195876,las,DET,6526950402091386798,195876
594,marks,NOUN,736077380870932732,195876,que,PRON,11474801393294414462,195876
595,of,ADP,886050111519832510,195876,de,ADP,11144093025662894627,195876
596,its,DET,12513610393978129441,195876,su,DET,14248009254309298022,195876
597,violent,ADJ,920492170430266568,195876,violenta,ADJ,11567324922750835895,195876
598,creation,NOUN,10747265195208410567,195876,marcas,NOUN,7420669872409977869,195876
599,like,SCONJ,18194338103975822726,198004,de,ADP,11144093025662894627,195876
600,battle,NOUN,9848096167948608019,198004,creación,NOUN,651177203553098255,195876
601,wounds,NOUN,10157281216649691065,198004,0,0,0,0
602,or,CCONJ,3740602843040177340,198004,0,0,0,0
603,scars,NOUN,14917576475477723824,198004,0,0,0,0
604,.,PUNCT,12646065887601541794,198004,0,0,0,0
605,When,ADV,10109588199364727116,200583,a,ADP,11901859001352538922,198280
606,I,PRON,4690420944186131903,200583,modo,NOUN,14893756913124877746,198280
607,showed,VERB,8950418246763676919,200583,de,ADP,11144093025662894627,198280
608,this,DET,1995909169258310477,200583,heridas,NOUN,6302210715261546476,198280
609,work,NOUN,10038440415813069799,200583,cicatrices,NOUN,12560186843465473665,198280
610,recently,ADV,1240383662128343654,200583,o,CONJ,1489474827855109852,198280
611,in,ADP,3002984154512732771,200583,de,ADP,11144093025662894627,198280
612,Miami,PROPN,3790800195458886901,200583,guerra,NOUN,10275988218560988863,198280
613,",",PUNCT,2593208677638477497,200583,.,PUNCT,12646065887601541794,198280
614,a,DET,11901859001352538922,202615,este,DET,15654890294676217493,200592
615,woman,NOUN,18308318389743014884,202615,trabajo,NOUN,1376217758131583815,200592
616,told,VERB,1245643389253732868,202615,presenté,VERB,13012725549587287087,200592
617,me,PRON,18197037023634208128,202615,Cuando,SCONJ,15264642694225760754,200592
618,she,PRON,6740321247510922449,202615,recientemente,ADV,276902632629412354,200592
619,felt,VERB,13351197254428721616,202615,0,0,0,0
620,every,DET,2739543297294151269,202615,Miami,PROPN,3790800195458886901,200592
621,gun,NOUN,13147270921823205662,202615,0,0,0,0
622,shot,NOUN,4199299267551125623,202615,0,0,0,0
623,to,ADP,3791531372978436496,202615,en,ADP,14626626061804382878,200592
624,her,DET,4115755726172261197,202615,0,0,0,0
625,soul,NOUN,10083117423477906790,202615,0,0,0,0
626,.,PUNCT,12646065887601541794,202615,",",PUNCT,2593208677638477497,200592
627,But,CCONJ,18004243461113809161,205424,una,DET,1019041181156623609,203111
628,also,ADV,12084876542534825196,205424,mujer,NOUN,2865383744470792204,203111
629,she,PRON,6740321247510922449,205424,me,PRON,18197037023634208128,203111
630,felt,VERB,13351197254428721616,205424,dijo,VERB,8367545516374751326,203111
631,that,SCONJ,4380130941430378203,205424,que,SCONJ,11474801393294414462,203111
632,0,0,0,0,sentía,VERB,1948756737307096512,203111
633,these,DET,6459564349623679250,205424,cada,DET,9828466699353315767,203111
634,artworks,NOUN,589164528514937124,205424,disparo,NOUN,10504360694859765406,203111
635,0,0,0,0,en,ADP,14626626061804382878,203111
636,0,0,0,0,su,DET,14248009254309298022,203111
637,0,0,0,0,alma,NOUN,5900332552418603884,203111
638,0,0,0,0,.,PUNCT,12646065887601541794,203111
639,memorialized,VERB,14715290751980486758,208039,Inmortalizaban,VERB,5395083417481283400,208039
640,the,DET,7425985699627899538,208039,las,DET,6526950402091386798,208039
641,victims,NOUN,167973216522080181,208039,víctimas,NOUN,13617060232943473307,208039
642,of,ADP,886050111519832510,208039,a,ADP,11901859001352538922,208039
643,these,DET,6459564349623679250,208039,estos,DET,10436838843398290757,208039
644,killings,NOUN,14094692355602580076,208039,homicidios,NOUN,4390503493809104935,208039
645,as,ADV,7437575085468336610,210063,0,0,0,0
646,well,ADV,4525988469032889948,210063,0,0,0,0
647,as,SCONJ,7437575085468336610,210063,0,0,0,0
648,other,ADJ,1176656782636220709,210063,0,0,0,0
649,victims,NOUN,167973216522080181,210063,0,0,0,0
650,of,ADP,886050111519832510,210063,de,ADP,11144093025662894627,208039
651,racial,ADJ,9095968958430269659,210063,0,0,0,0
652,violence,NOUN,12428792397351680806,210063,0,0,0,0
653,throughout,ADP,15664869545954542664,210063,0,0,0,0
654,US,PROPN,15397641858402276818,210063,0,0,0,0
655,history,NOUN,6249630248276940353,210063,0,0,0,0
656,.,PUNCT,12646065887601541794,210063,0,0,0,0
657,But,CCONJ,18004243461113809161,213812,así,ADV,13388538489347049961,210375
658,"""",PUNCT,15884554869126768810,213812,como,SCONJ,3817173063683202752,210375
659,Lotus,PROPN,14301157345170460225,213812,a,ADP,11901859001352538922,210375
660,"""",PUNCT,15884554869126768810,213812,otras,DET,9467666572440207555,210375
661,and,CCONJ,2283656566040971221,213812,víctimas,NOUN,13617060232943473307,210375
662,"""",PUNCT,15884554869126768810,213812,de,ADP,11144093025662894627,210375
663,BAM,PROPN,5803308133968132542,213812,la,DET,6804705863737483857,210375
664,"""",PUNCT,15884554869126768810,213812,violencia,NOUN,8195191011134041056,210375
665,larger,ADJ,8792022305697138442,213812,racial,ADJ,9095968958430269659,210375
666,are,AUX,5012629990875267006,213812,a,ADP,11901859001352538922,210375
667,than,SCONJ,10794458019344880855,213812,lo,DET,12507729120330568444,210375
668,just,ADV,7148522813498185515,213812,largo,NOUN,18283247863369861868,210375
669,0,0,0,0,de,ADP,11144093025662894627,210375
670,0,0,0,0,la,DET,6804705863737483857,210375
671,history,NOUN,6249630248276940353,213812,historia,NOUN,1358726833428160876,210375
672,0,0,0,0,de,ADP,11144093025662894627,210375
673,US,PROPN,15397641858402276818,213812,EE.UU,PROPN,4956911192552432949,210375
674,.,PUNCT,12646065887601541794,213812,.,PUNCT,12646065887601541794,210375
675,While,SCONJ,6712030830669933559,216870,Pero,CONJ,3012608552889114327,214429
676,showing,VERB,2694304739876580877,216870,"""",PUNCT,15884554869126768810,214429
677,Berlin,PROPN,14607853860610250682,216870,Lotus,PROPN,14301157345170460225,214429
678,in,ADP,3002984154512732771,216870,"""",PUNCT,15884554869126768810,214429
679,last,ADJ,10321518907502812892,216870,y,CONJ,9409450202036847209,214429
680,year,NOUN,14889849580704678361,216870,"""",PUNCT,15884554869126768810,214429
681,0,0,0,0,BAM,PROPN,5803308133968132542,214429
682,",",PUNCT,2593208677638477497,216870,"""",PUNCT,15884554869126768810,214429
683,0,0,0,0,van,VERB,16631821489536541084,214429
684,0,0,0,0,más,ADV,13805553149795463782,214429
685,0,0,0,0,allá,ADV,7286239235571841520,214429
686,0,0,0,0,que,SCONJ,11474801393294414462,214429
687,0,0,0,0,nuestra,DET,6434645427240457100,214429
688,0,0,0,0,historia,NOUN,1358726833428160876,214429
689,0,0,0,0,nacional,ADJ,10595106434752522744,214429
690,0,0,0,0,.,PUNCT,12646065887601541794,214429
691,a,DET,11901859001352538922,218758,un,DET,12188161997964598936,218758
692,philosophy,NOUN,6837708876254048417,218758,estudiante,NOUN,14191725237961073122,218758
693,0,0,0,0,de,ADP,11144093025662894627,218758
694,student,NOUN,8980609300697527695,218758,filosofía,NOUN,9107160351437058120,218758
695,me,PRON,18197037023634208128,218758,me,PRON,18197037023634208128,218758
696,asked,VERB,16606816274036414542,218758,preguntó,VERB,1575666240752392321,218758
697,what,PRON,5865838185239622912,218758,que,SCONJ,11474801393294414462,218758
698,prompted,VERB,12851432824488980260,218758,provocó,VERB,8124807059079306456,218758
699,these,DET,6459564349623679250,218758,estas,DET,16010204526465958382,218758
700,killings,NOUN,14094692355602580076,218758,muertes,NOUN,10381446648935323610,218758
701,recent,ADJ,14101204033091332526,218758,recientes,ADJ,13543762545739914969,218758
702,.,PUNCT,12646065887601541794,218758,.,PUNCT,12646065887601541794,218758
703,I,PRON,4690420944186131903,222343,Le,PRON,17405251050291145966,222343
704,showed,VERB,8950418246763676919,222343,mostré,VERB,5046342333177332019,222343
705,him,PRON,1739263527992748485,222343,foto,NOUN,9187341674047688461,222343
706,a,DET,11901859001352538922,222343,una,DET,1019041181156623609,222343
707,photo,NOUN,12453600060201764970,222343,postal,NOUN,10862300305186347332,222343
708,of,ADP,886050111519832510,222343,de,ADP,11144093025662894627,222343
709,a,DET,11901859001352538922,222343,una,DET,1019041181156623609,222343
710,lynching,VERB,8512728709298429669,222343,de,ADP,11144093025662894627,222343
711,postcard,NOUN,12033279416442535952,222343,linchamiento,NOUN,4158998227648951342,222343
712,from,ADP,7831658034963690409,224985,de,ADP,11144093025662894627,222343
713,the,DET,7425985699627899538,224985,un,DET,12188161997964598936,222343
714,early,ADJ,1108542766809193907,224985,0,0,0,0
715,1900s,NOUN,11909624560654024430,224985,años,NOUN,8746864843512539013,222343
716,and,CCONJ,2283656566040971221,226374,0,0,0,0
717,reminded,VERB,6763035616480000664,226374,0,0,0,0
718,him,PRON,1739263527992748485,226374,0,0,0,0
719,that,SCONJ,4380130941430378203,226374,0,0,0,0
720,these,DET,6459564349623679250,226374,los,DET,7307884290799599686,222343
721,killings,NOUN,14094692355602580076,226374,1900,NOUN,8924230905151946773,222343
722,have,AUX,14692702688101715474,226374,0,0,0,0
723,been,AUX,12517269084653561647,226374,0,0,0,0
724,going,VERB,14242014708739787450,226374,0,0,0,0
725,on,ADP,5640369432778651323,226374,0,0,0,0
726,for,ADP,16037325823156266367,226374,0,0,0,0
727,over,ADP,5456543204961066030,226374,0,0,0,0
728,500,NUM,17948271841535982950,226374,0,0,0,0
729,years,NOUN,9492612516460955585,226374,0,0,0,0
730,.,PUNCT,12646065887601541794,226374,0,0,0,0
731,But,CCONJ,18004243461113809161,231922,Pero,CONJ,3012608552889114327,231492
732,it,PRON,10239237003504588839,231922,solo,NOUN,3505255310390259426,231492
733,'s,AUX,16428057658620181782,231922,a,ADP,11901859001352538922,231492
734,only,ADV,13398675276606405380,231922,través,NOUN,17449376082296395841,231492
735,through,ADP,18216413589307435838,231922,de,ADP,11144093025662894627,231492
736,questions,NOUN,3626233646565002230,231922,preguntas,NOUN,7395204174967875157,231492
737,like,SCONJ,18194338103975822726,231922,como,SCONJ,3817173063683202752,231492
738,his,DET,2661093235354845946,231922,la,DET,6804705863737483857,231492
739,0,0,0,0,suya,DET,17373015755704205644,231492
740,and,CCONJ,2283656566040971221,233852,y,CONJ,9409450202036847209,233852
741,0,0,0,0,un,DET,12188161997964598936,233852
742,dialogue,NOUN,9260171707209243327,233852,diálogo,NOUN,16647045842654888571,233852
743,more,ADV,2160362229054775535,233852,más,ADV,13805553149795463782,233852
744,thoughtful,ADJ,12062358404114242760,233852,reflexivo,ADJ,16293553870200855959,233852
745,about,ADP,942632335873952620,233852,sobre,ADP,11374976834714679510,233852
746,and,CCONJ,2283656566040971221,233852,la,DET,6804705863737483857,233852
747,race,NOUN,8048469955494714898,233852,historia,NOUN,1358726833428160876,233852
748,0,0,0,0,y,CONJ,9409450202036847209,233852
749,0,0,0,0,la,DET,6804705863737483857,233852
750,history,NOUN,6249630248276940353,233852,raza,NOUN,1675401086599712494,233852
751,can,VERB,6635067063807956629,236718,podemos,AUX,8521574907144439556,236718
752,we,PRON,16064069575701507746,236718,0,0,0,0
753,evolve,VERB,14043736984780302841,236718,mejorar,VERB,7136969154105419067,236718
754,as,SCONJ,7437575085468336610,236718,como,SCONJ,3817173063683202752,236718
755,individuals,NOUN,3577020009142861760,236718,individuos,NOUN,1480877626411717641,236718
756,and,CCONJ,2283656566040971221,236718,y,CONJ,9409450202036847209,236718
757,society,NOUN,6115211683563355926,236718,sociedad,NOUN,137503196612391965,236718
758,.,PUNCT,12646065887601541794,236718,.,PUNCT,12646065887601541794,236718
759,I,PRON,4690420944186131903,239709,que,SCONJ,11474801393294414462,239709
760,hope,VERB,4429974322456332988,239709,Espero,VERB,14500977927941688405,239709
761,my,DET,227504873216781231,239709,mi,DET,8676063341920465065,239709
762,artwork,NOUN,6582376737046415549,239709,obra,NOUN,1571691593357301199,239709
763,creates,VERB,6610673652573197085,239709,cree,VERB,16665973061186745001,239709
764,a,DET,11901859001352538922,239709,un,DET,12188161997964598936,239709
765,safe,ADJ,1295616215629480030,239709,seguro,ADJ,508416423087927046,239709
766,space,NOUN,14527154806029863691,239709,espacio,NOUN,794562246875068945,239709
767,for,ADP,16037325823156266367,242566,para,ADP,17491956544424926374,242566
768,this,DET,1995909169258310477,242566,este,DET,15654890294676217493,242566
769,type,NOUN,1650948551127640961,242566,tipo,NOUN,4791739812770415521,242566
770,of,ADP,886050111519832510,242566,de,ADP,11144093025662894627,242566
771,honest,ADJ,13664881695293890848,242566,honestos,ADJ,3018785107548441938,242566
772,exchange,NOUN,13577318737659782901,242566,intercambios,NOUN,16758095663994525619,242566
773,and,CCONJ,2283656566040971221,245002,y,CONJ,9409450202036847209,245002
774,an,DET,15099054000809333061,245002,una,DET,1019041181156623609,245002
775,opportunity,NOUN,9751084440329135938,245002,sea,AUX,3315219263181363146,245002
776,for,ADP,16037325823156266367,245002,para,ADP,17491956544424926374,245002
777,people,NOUN,7593739049417968140,245002,oportunidad,NOUN,5032943597530437384,245002
778,to,PART,3791531372978436496,245002,que,SCONJ,11474801393294414462,245002
779,engage,VERB,9700718595412227715,245002,inicie,VERB,7037652984306567311,245002
780,one,NUM,17454115351911680600,245002,gente,NOUN,11998830313806299131,245002
781,another,DET,7270490914741406701,245002,la,DET,6804705863737483857,245002
782,in,ADP,3002984154512732771,247765,una,DET,1019041181156623609,247765
783,real,ADJ,7050692189315705983,247765,real,ADJ,7050692189315705983,247765
784,and,CCONJ,2283656566040971221,247765,e,CONJ,1720370409040345145,247765
785,necessary,ADJ,5424026019445075269,247765,imprescindible,ADJ,7760412659681882523,247765
786,conversation,NOUN,12275634602700366607,247765,conversación,NOUN,10239962976949815610,247765
787,.,PUNCT,12646065887601541794,247765,.,PUNCT,12646065887601541794,247765
788,Thank,VERB,11061341230758823191,250751,0,0,0,0
789,you,PRON,7624161793554793053,250751,Aplausos,PROPN,5625793903345412492,251925
790,.,PUNCT,12646065887601541794,250751,(,PUNCT,12638816674900267446,251925
791,(,PUNCT,12638816674900267446,251925,.,PUNCT,12646065887601541794,250751
792,Applause,NOUN,8922310725892301193,251925,Gracias,NOUN,13343105967155848449,250751
793,),PUNCT,3842344029291005339,251925,),PUNCT,3842344029291005339,251925
