,en,en,en,en,es,es,es,es
,0,1,2,3,0,1,2,3
0,Do,AUX,22.121496200561523,12917,¿,PUNCT,29.012861251831055,12917
1,you,PRON,24.595643997192383,12917,que,SCONJ,31.72684097290039,12917
2,think,VERB,23.187782287597656,12917,Creen,VERB,32.463623046875,12917
3,the,DET,21.03981590270996,12917,las,DET,34.008514404296875,12917
4,things,NOUN,21.534778594970703,12917,cosas,NOUN,34.841312408447266,12917
5,we,PRON,25.504806518554688,12917,que,PRON,35.04931640625,12917
6,build,VERB,21.55018424987793,12917,construimos,VERB,34.851314544677734,12917
7,today,NOUN,20.81725311279297,12917,hoy,ADV,35.20790100097656,12917
8,will,VERB,22.63071632385254,15667,0,0,0.0,0
9,be,AUX,25.694110870361328,15667,serán,AUX,33.04560852050781,15667
10,considered,VERB,22.175596237182617,15667,consideradas,VERB,33.54838180541992,15667
11,wonders,NOUN,20.320457458496094,15667,maravillas,NOUN,33.86980056762695,15667
12,in,ADP,21.620166778564453,15667,en,ADP,32.68623733520508,15667
13,the,DET,22.007505416870117,15667,el,DET,35.12382507324219,15667
14,future,NOUN,19.202367782592773,15667,futuro,NOUN,31.961349487304688,15667
15,?,PUNCT,21.13970184326172,15667,?,PUNCT,32.114192962646484,15667
16,Think,VERB,19.807369232177734,19042,Piensen,VERB,30.38159942626953,19042
17,of,ADP,22.21772003173828,19042,en,ADP,32.974273681640625,19042
18,the,DET,19.06202507019043,20708,el,DET,33.531944274902344,19042
19,Stonehenge,PROPN,19.568540573120117,19042,Stonehenge,PROPN,36.331748962402344,19042
20,",",PUNCT,21.033370971679688,19042,",",PUNCT,28.731733322143555,19042
21,Pyramids,PROPN,21.42928123474121,20708,las,DET,32.72129440307617,19042
22,0,0,0.0,0,pirámides,NOUN,35.132041931152344,19042
23,",",PUNCT,19.35097885131836,20708,",",PUNCT,30.44615364074707,19042
24,Machu,PROPN,19.34364891052246,22250,Machu,PROPN,35.78117752075195,22250
25,Picchu,PROPN,20.692392349243164,22250,Picchu,PROPN,35.78587341308594,22250
26,and,CCONJ,22.38580894470215,22250,y,CONJ,31.959495544433594,22250
27,Easter,PROPN,22.669410705566406,22250,la,DET,33.832916259765625,22250
28,0,0,0.0,0,isla,NOUN,31.882192611694336,22250
29,0,0,0.0,0,de,ADP,30.900123596191406,22250
30,Island,PROPN,22.632429122924805,22250,Pascua,PROPN,35.359718322753906,22250
31,.,PUNCT,20.903629302978516,22250,.,PUNCT,31.60546875,22250
32,Now,ADV,23.8992862701416,26167,Todas,DET,32.15177536010742,26117
33,",",PUNCT,21.986478805541992,26167,0,0,0.0,0
34,they,PRON,22.820959091186523,26167,ellas,PRON,35.00803756713867,26117
35,'re,AUX,22.93166732788086,26167,son,AUX,34.976356506347656,26117
36,all,DET,21.341083526611328,26167,lo,DET,35.0218620300293,26117
37,pretty,ADV,25.983661651611328,26167,bastante,ADV,34.89543533325195,26117
38,different,ADJ,24.20281219482422,26167,diferentes,ADJ,34.615760803222656,26117
39,from,ADP,22.504119873046875,26167,a,ADP,30.992416381835938,26117
40,what,PRON,20.921531677246094,26167,que,PRON,31.911888122558594,26117
41,we,PRON,24.047588348388672,26167,en,ADP,34.49041748046875,26117
42,'re,AUX,23.909589767456055,26167,la,DET,33.79267501831055,26117
43,doing,VERB,24.36127471923828,26167,construimos,VERB,34.649085998535156,26117
44,today,NOUN,23.059471130371094,26167,actualidad,NOUN,31.93900489807129,26117
45,",",PUNCT,22.04585075378418,26167,",",PUNCT,29.172582626342773,26117
46,with,ADP,22.19598388671875,30333,con,ADP,33.59223175048828,30333
47,those,DET,21.709571838378906,30333,esas,DET,34.80110549926758,30333
48,massive,ADJ,21.990293502807617,30333,enormes,ADJ,35.49307632446289,30333
49,stones,NOUN,23.2960205078125,30333,piedras,NOUN,34.891685485839844,30333
50,",",PUNCT,21.116716384887695,30333,0,0,0.0,0
51,assembled,VERB,21.558929443359375,32792,ensambladas,ADJ,32.57147979736328,32792
52,in,ADP,21.135385513305664,32792,en,ADP,33.712074279785156,32792
53,complex,ADJ,17.756633758544922,32792,complejas,ADJ,35.80424499511719,32792
54,but,CCONJ,23.0274600982666,32792,pero,CONJ,34.622371673583984,32792
55,seemingly,ADV,24.430452346801758,32792,aparentemente,ADV,33.73323059082031,32792
56,illogical,ADJ,21.182254791259766,32792,ilógicas,ADJ,33.22026062011719,32792
57,ways,NOUN,21.400178909301758,32792,formas,NOUN,36.05675506591797,32792
58,",",PUNCT,21.629161834716797,32792,.,PUNCT,33.28028106689453,32792
59,and,CCONJ,19.706174850463867,38292,Todos,DET,30.18029022216797,38292
60,all,DET,20.402246475219727,38292,los,DET,36.55931854248047,38292
61,traces,NOUN,22.196123123168945,38292,indicios,NOUN,35.83354187011719,38292
62,of,ADP,24.93552017211914,38292,de,ADP,32.233192443847656,38292
63,their,DET,23.917593002319336,38292,su,DET,35.29607391357422,38292
64,construction,NOUN,18.46045684814453,38292,construcción,NOUN,33.304508209228516,38292
65,0,0,0.0,0,han,AUX,34.84409713745117,38292
66,erased,VERB,22.22096824645996,41958,desaparecido,VERB,34.83279800415039,38292
67,",",PUNCT,18.687402725219727,41958,",",PUNCT,29.629892349243164,38292
68,0,0,0.0,0,y,CONJ,33.71342849731445,43625
69,them,PRON,24.222047805786133,43625,esto,PRON,33.43812561035156,43625
70,0,0,0.0,0,las,PRON,32.678802490234375,43625
71,shrouding,VERB,23.07222557067871,43625,cubre,VERB,33.00953674316406,43625
72,in,ADP,24.092792510986328,43625,de,ADP,30.97580337524414,43625
73,0,0,0.0,0,un,DET,35.35014343261719,43625
74,mystery,NOUN,20.1571102142334,43625,aura,NOUN,29.399328231811523,43625
75,0,0,0.0,0,de,ADP,31.89737892150879,43625
76,0,0,0.0,0,misterio,NOUN,31.864469528198242,43625
77,.,PUNCT,22.481950759887695,43625,.,PUNCT,32.232261657714844,43625
78,It,PRON,24.79833984375,47417,Parece,AUX,37.107521057128906,47417
79,seems,VERB,26.447185516357422,47417,imposible,ADJ,36.43796157836914,47417
80,like,SCONJ,21.49549674987793,47417,que,SCONJ,33.83598709106445,47417
81,people,NOUN,22.75194549560547,47417,obras,NOUN,35.816951751708984,47417
82,could,VERB,23.643938064575195,47417,0,0,0.0,0
83,not,PART,24.704021453857422,47417,hayan,AUX,35.40812683105469,47417
84,have,AUX,22.818470001220703,47417,sido,AUX,36.56599044799805,47417
85,possibly,ADV,26.296125411987305,47417,por,ADP,35.58319854736328,47417
86,built,VERB,21.424142837524414,47417,creadas,VERB,35.781700134277344,47417
87,these,DET,23.007583618164062,47417,estas,DET,32.7016716003418,47417
88,things,NOUN,21.756702423095703,47417,personas,NOUN,35.094181060791016,47417
89,",",PUNCT,21.898836135864258,47417,.,PUNCT,32.62967300415039,47417
90,because,SCONJ,20.204734802246094,52583,Y,CONJ,33.305458068847656,52583
91,people,NOUN,23.029298782348633,52583,así,ADV,35.08887481689453,52583
92,did,AUX,22.949254989624023,52583,fue,AUX,33.88053512573242,52583
93,n't,PART,23.293651580810547,52583,0,0,0.0,0
94,.,PUNCT,22.02642059326172,52583,.,PUNCT,31.76439094543457,52583
95,They,PRON,23.486528396606445,54792,Han,AUX,33.17678451538086,54792
96,were,AUX,24.988876342773438,54792,sido,AUX,35.97959518432617,54792
97,carefully,ADV,25.854703903198242,54792,cuidadosamente,ADV,36.844146728515625,54792
98,crafted,VERB,23.775041580200195,54792,fabricadas,VERB,35.614662170410156,54792
99,by,ADP,24.08572006225586,54792,por,ADP,35.21781539916992,54792
100,a,DET,22.09109115600586,54792,una,DET,35.750919342041016,54792
101,race,NOUN,20.97650909423828,54792,raza,NOUN,31.858488082885742,54792
102,primordial,ADJ,20.588869094848633,54792,primigenia,ADJ,33.688201904296875,54792
103,of,ADP,24.014753341674805,54792,de,ADP,32.29233932495117,54792
104,giants,NOUN,20.118057250976562,54792,gigantes,NOUN,35.70013427734375,54792
105,0,0,0.0,0,",",PUNCT,30.55854606628418,54792
106,known,VERB,22.666189193725586,59125,conocidos,ADJ,30.538354873657227,59125
107,as,SCONJ,22.37066078186035,59125,como,SCONJ,35.291099548339844,59125
108,Cyclops,PROPN,21.9124813079834,59125,cíclopes,NOUN,36.422698974609375,59125
109,.,PUNCT,20.078718185424805,59125,.,PUNCT,32.592105865478516,59125
110,(,PUNCT,19.138301849365234,60417,(,PUNCT,28.748825073242188,60417
111,Laughter,PROPN,20.165264129638672,60417,Risas,PROPN,34.865478515625,60417
112,),PUNCT,20.96363067626953,60417,),PUNCT,32.331058502197266,60417
113,And,CCONJ,20.01367950439453,61750,0,0,0.0,0
114,I,PRON,25.122751235961914,61750,junto,ADJ,32.618221282958984,61750
115,'ve,AUX,22.031728744506836,61750,estado,AUX,36.51290512084961,61750
116,been,AUX,26.29645538330078,61750,He,AUX,35.03139877319336,61750
117,collaborating,VERB,24.092212677001953,61750,trabajando,VERB,34.84870147705078,61750
118,with,ADP,22.468582153320312,61750,a,ADP,32.01327133178711,61750
119,these,DET,22.48470115661621,61750,estos,DET,34.56568908691406,61750
120,monsters,NOUN,20.191926956176758,61750,monstruos,NOUN,35.88698196411133,61750
121,to,PART,22.111661911010742,64000,para,ADP,36.5869026184082,64000
122,learn,VERB,24.59909439086914,64000,aprender,VERB,37.354679107666016,64000
123,their,DET,25.301984786987305,64000,el,DET,34.404544830322266,64000
124,secrets,NOUN,21.449804306030273,64000,secreto,NOUN,29.723491668701172,64000
125,for,ADP,24.996938705444336,64000,de,ADP,30.440101623535156,64000
126,0,0,0.0,0,cómo,PRON,34.796226501464844,64000
127,moving,VERB,25.578298568725586,64000,movían,VERB,31.715391159057617,64000
128,those,DET,23.38210105895996,64000,estas,DET,33.59529495239258,64000
129,stones,NOUN,23.776670455932617,64000,inmensas,NOUN,36.00397872924805,64000
130,massive,ADJ,22.350177764892578,64000,piedras,ADJ,36.45066452026367,64000
131,.,PUNCT,20.669946670532227,64000,.,PUNCT,33.822513580322266,64000
132,And,CCONJ,19.89759635925293,68667,Y,CONJ,33.613624572753906,68667
133,as,SCONJ,21.211151123046875,68667,que,SCONJ,33.13913345336914,68667
134,it,PRON,26.27771759033203,68667,los,DET,34.881690979003906,68667
135,turns,VERB,24.657970428466797,68667,resulta,VERB,37.29768753051758,68667
136,out,ADP,19.88581657409668,68667,cíclopes,NOUN,35.8039665222168,68667
137,",",PUNCT,21.921470642089844,68667,ni,CONJ,33.32915496826172,68667
138,Cyclops,NOUN,23.02650260925293,68667,siquiera,NOUN,33.46426010131836,68667
139,are,AUX,25.861751556396484,68667,son,AUX,33.339229583740234,68667
140,n't,PART,25.140884399414062,68667,0,0,0.0,0
141,even,ADV,20.920549392700195,68667,tan,ADV,38.598602294921875,68667
142,that,ADV,19.292903900146484,68667,0,0,0.0,0
143,strong,ADJ,22.34417724609375,68667,fuertes,ADJ,37.11137008666992,68667
144,.,PUNCT,21.85989761352539,68667,.,PUNCT,33.95948028564453,68667
145,They,PRON,24.05428695678711,73250,Aunque,SCONJ,34.53059768676758,73250
146,'re,AUX,22.823179244995117,73250,son,AUX,33.69868469238281,73250
147,just,ADV,24.402772903442383,73250,sí,ADV,35.237056732177734,73250
148,really,ADV,25.860042572021484,73250,muy,ADV,39.441017150878906,73250
149,smart,ADJ,21.621410369873047,73250,inteligentes,ADJ,36.28377151489258,73250
150,about,ADP,20.965932846069336,73250,0,0,0.0,0
151,getting,VERB,24.07324981689453,73250,0,0,0.0,0
152,material,NOUN,19.71221160888672,73250,0,0,0.0,0
153,to,PART,21.532474517822266,73250,0,0,0.0,0
154,work,VERB,23.348480224609375,73250,0,0,0.0,0
155,for,ADP,24.19513511657715,73250,0,0,0.0,0
156,them,PRON,24.4793758392334,73250,0,0,0.0,0
157,.,PUNCT,21.508821487426758,73250,0,0,0.0,0
158,Now,ADV,23.603181838989258,79042,0,0,0.0,0
159,",",PUNCT,20.732152938842773,79042,criaturas,NOUN,33.75539779663086,79042
160,the,DET,19.384286880493164,79042,Estas,DET,30.29909324645996,79042
161,videos,NOUN,20.804624557495117,79042,piedra,NOUN,31.311626434326172,79042
162,you,PRON,24.72710609436035,79042,y,CONJ,34.880043029785156,79042
163,see,VERB,22.756397247314453,79042,ven,VERB,37.80018997192383,79042
164,behind,ADP,20.218889236450195,79042,de,ADP,31.3304386138916,79042
165,me,PRON,24.44927406311035,79042,que,PRON,34.03662109375,79042
166,of,ADP,20.38543701171875,79042,a,ADP,31.894569396972656,79042
167,large,ADJ,18.219884872436523,79042,enormes,ADJ,32.79170608520508,79042
168,",",PUNCT,20.489898681640625,79042,mis,DET,33.47279357910156,79042
169,stone,NOUN,17.196170806884766,79042,espaldas,NOUN,34.24946975708008,79042
170,-,PUNCT,20.694965362548828,79042,0,0,0.0,0
171,like,ADJ,18.394968032836914,79042,0,0,0.0,0
172,",",PUNCT,22.7356014251709,79042,0,0,0.0,0
173,wobbly,ADV,20.147937774658203,79042,0,0,0.0,0
174,creatures,NOUN,20.163532257080078,79042,tambaleantes,NOUN,35.920799255371094,79042
175,are,AUX,22.664440155029297,83500,son,AUX,31.677108764648438,83500
176,the,DET,20.94147491455078,83500,el,DET,34.37564468383789,83500
177,results,NOUN,20.905208587646484,83500,resultado,NOUN,29.72727394104004,83500
178,of,ADP,24.46221351623535,83500,de,ADP,31.451488494873047,83500
179,this,DET,23.885536193847656,83500,esa,DET,34.316062927246094,83500
180,collaboration,NOUN,21.281003952026367,83500,colaboración,NOUN,33.68817138671875,83500
181,.,PUNCT,21.121089935302734,83500,.,PUNCT,32.4246940612793,83500
182,OK,INTJ,23.995040893554688,86875,Pues,NOUN,34.70265197753906,86875
183,",",PUNCT,21.605613708496094,86875,",",PUNCT,29.340595245361328,86875
184,so,CCONJ,18.884496688842773,86875,bien,ADV,33.93515396118164,86875
185,Cyclops,NOUN,21.189714431762695,86875,cíclopes,NOUN,36.376956939697266,86875
186,might,VERB,24.949785232543945,86875,podrán,AUX,33.13337707519531,86875
187,be,AUX,25.559385299682617,86875,ser,AUX,35.74946594238281,86875
188,a,DET,23.04894256591797,86875,los,DET,35.03136444091797,86875
189,mythical,ADJ,21.335987091064453,86875,míticas,ADJ,36.2850456237793,86875
190,creature,NOUN,19.716951370239258,86875,criaturas,NOUN,33.90245056152344,86875
191,",",PUNCT,21.65850257873535,86875,",",PUNCT,31.124391555786133,86875
192,but,CCONJ,21.77894401550293,90917,pero,CONJ,34.00115966796875,90917
193,those,DET,21.719459533691406,90917,esas,DET,35.2354736328125,90917
194,wonders,NOUN,22.9277400970459,90917,maravillas,NOUN,32.664512634277344,90917
195,are,AUX,25.153371810913086,90917,existen,VERB,37.35669708251953,90917
196,0,0,0.0,0,hasta,ADP,35.48146057128906,90917
197,real,ADJ,22.10408592224121,90917,el,DET,33.02729415893555,90917
198,0,0,0.0,0,día,NOUN,31.660140991210938,90917
199,0,0,0.0,0,de,ADP,30.43878746032715,90917
200,still,ADV,25.230796813964844,90917,hoy,ADV,31.716716766357422,90917
201,.,PUNCT,21.43390464782715,90917,.,PUNCT,32.53233337402344,90917
202,0,0,0.0,0,Las,DET,32.459720611572266,93792
203,People,NOUN,23.805423736572266,93792,personas,NOUN,35.23288345336914,93792
204,them,PRON,24.792739868164062,93792,las,PRON,29.816608428955078,93792
205,made,VERB,26.605497360229492,93792,crearon,VERB,34.05781555175781,93792
206,.,PUNCT,22.271778106689453,93792,.,PUNCT,33.60808563232422,93792
207,But,CCONJ,20.924396514892578,95917,Pero,CONJ,33.574180603027344,95917
208,they,PRON,24.372732162475586,95917,0,0,0.0,0
209,also,ADV,25.477073669433594,95917,también,ADV,34.47850799560547,95917
210,made,VERB,24.304201126098633,95917,crearon,VERB,34.562015533447266,95917
211,the,DET,21.47348976135254,95917,sobre,ADP,32.95236587524414,95917
212,myths,NOUN,19.05742645263672,95917,mitos,NOUN,34.07014846801758,95917
213,that,DET,20.224449157714844,95917,0,0,0.0,0
214,surround,VERB,21.427871704101562,95917,0,0,0.0,0
215,them,PRON,24.799293518066406,95917,ellas,PRON,35.14788818359375,95917
216,",",PUNCT,20.727920532226562,95917,.,PUNCT,32.09478759765625,95917
217,and,CCONJ,21.23060417175293,99667,Y,CONJ,33.6887092590332,99667
218,when,ADV,22.26456069946289,99667,",",PUNCT,28.190828323364258,99667
219,it,PRON,25.62519073486328,99667,en,ADP,33.15361785888672,99667
220,0,0,0.0,0,lo,DET,35.65269088745117,99667
221,there,PRON,22.332733154296875,99667,que,PRON,32.30120086669922,99667
222,comes,VERB,24.333297729492188,99667,refiere,VERB,35.83979797363281,99667
223,to,ADP,21.016265869140625,99667,a,ADP,32.8317985534668,99667
224,'s,AUX,22.206172943115234,99667,las,DET,32.870521545410156,99667
225,wonders,NOUN,21.817222595214844,99667,maravillas,NOUN,32.70003128051758,99667
226,",",PUNCT,22.04305076599121,99667,",",PUNCT,30.296810150146484,99667
227,thick,ADJ,21.34588050842285,99667,existe,VERB,35.08082580566406,99667
228,this,DET,21.82755470275879,99667,un,DET,35.5562858581543,99667
229,tissue,NOUN,19.869285583496094,99667,tejido,NOUN,31.762527465820312,99667
230,connective,ADJ,20.023426055908203,99667,conectivo,ADJ,34.94459915161133,99667
231,0,0,0.0,0,que,SCONJ,32.73940658569336,103500
232,0,0,0.0,0,une,VERB,37.00722885131836,103500
233,and,CCONJ,23.537635803222656,103500,la,DET,31.886903762817383,103500
234,reality,NOUN,18.34272575378418,103500,mitología,NOUN,30.72423553466797,103500
235,between,ADP,21.784992218017578,103500,con,ADP,32.80958557128906,103500
236,0,0,0.0,0,la,DET,32.01387405395508,103500
237,mythology,NOUN,20.849292755126953,103500,realidad,NOUN,31.095016479492188,103500
238,.,PUNCT,21.48536491394043,103500,.,PUNCT,32.419715881347656,103500
239,Take,VERB,19.21179962158203,107083,Consideren,VERB,34.23680114746094,107083
240,Easter,PROPN,19.909530639648438,107083,la,DET,33.022579193115234,107083
241,Island,PROPN,22.557266235351562,107083,Pascua,PROPN,35.33649444580078,107083
242,",",PUNCT,23.410764694213867,107083,0,0,0.0,0
243,for,ADP,22.44757080078125,107083,de,ADP,30.940420150756836,107083
244,example,NOUN,19.043956756591797,107083,isla,NOUN,32.326961517333984,107083
245,.,PUNCT,21.8433895111084,107083,.,PUNCT,31.60546875,107083
246,When,ADV,21.712112426757812,109958,Cuando,SCONJ,34.15605163574219,109878
247,the,DET,20.099103927612305,109958,los,DET,37.403564453125,109878
248,Dutch,ADJ,21.056808471679688,109958,holandeses,ADJ,33.299713134765625,109878
249,explorers,NOUN,21.974803924560547,109958,exploradores,NOUN,35.642005920410156,109878
250,first,ADV,21.207063674926758,109958,por,ADP,32.612266540527344,109878
251,encountered,VERB,22.465532302856445,109958,llegaron,VERB,32.02767562866211,109878
252,the,DET,21.78730583190918,109958,primera,ADJ,34.429595947265625,109878
253,island,NOUN,20.43854522705078,109958,vez,NOUN,31.109285354614258,109878
254,",",PUNCT,20.1268367767334,109958,",",PUNCT,29.956310272216797,109878
255,they,PRON,23.8568115234375,113125,0,0,0.0,0
256,asked,VERB,25.967815399169922,113125,0,0,0.0,0
257,the,DET,21.06211280822754,113125,la,DET,34.31566619873047,109878
258,people,NOUN,20.088054656982422,113125,isla,NOUN,32.796363830566406,109878
259,of,ADP,22.492868423461914,113125,a,ADP,32.36027145385742,109878
260,Rapa,PROPN,19.605878829956055,113125,0,0,0.0,0
261,Nui,PROPN,19.2545166015625,113125,0,0,0.0,0
262,how,ADV,22.935033798217773,115167,cómo,PRON,33.77095031738281,115167
263,their,DET,21.9754638671875,115167,sus,DET,34.66379928588867,115167
264,ancestors,NOUN,23.81833267211914,115167,ancestros,NOUN,34.87294006347656,115167
265,could,VERB,24.538925170898438,115167,podido,VERB,31.999574661254883,115167
266,have,AUX,23.977886199951172,115167,habrían,AUX,33.77713394165039,115167
267,possibly,ADV,25.80525779724121,115167,0,0,0.0,0
268,moved,VERB,19.68263053894043,115167,mover,VERB,34.7910041809082,115167
269,those,DET,23.44763946533203,115167,semejantes,DET,35.48125076293945,115167
270,massive,ADJ,21.6325626373291,115167,0,0,0.0,0
271,statues,NOUN,22.07305145263672,115167,estatuas,NOUN,31.036941528320312,115167
272,.,PUNCT,21.01803970336914,115167,.,PUNCT,32.94713592529297,115167
273,And,CCONJ,20.60767936706543,119833,Y,CONJ,33.174007415771484,119833
274,the,DET,20.91958999633789,119833,los,DET,33.37931442260742,119833
275,Rapa,PROPN,19.570476531982422,119833,rapanui,VERB,32.06909942626953,119833
276,Nui,PROPN,20.237146377563477,119833,0,0,0.0,0
277,said,VERB,20.0374698638916,119833,contestaron,VERB,34.42924880981445,119833
278,",",PUNCT,19.210962295532227,119833,:,PUNCT,31.04582405090332,119833
279,"""",PUNCT,20.1640625,121833,"""",PUNCT,30.6284122467041,121833
280,Our,DET,19.76552391052246,121833,Nuestros,DET,31.783191680908203,121833
281,ancestors,NOUN,24.696475982666016,121833,ancestros,NOUN,33.2058219909668,121833
282,did,AUX,24.99283790588379,121833,no,ADV,31.955646514892578,121833
283,n't,PART,23.848905563354492,121833,0,0,0.0,0
284,move,VERB,22.441434860229492,121833,movieron,VERB,34.149436950683594,121833
285,the,DET,21.347064971923828,121833,las,DET,32.75526428222656,121833
286,statues,NOUN,19.517044067382812,121833,estatuas,NOUN,31.506853103637695,121833
287,",",PUNCT,20.190841674804688,121833,",",PUNCT,29.663896560668945,121833
288,For,ADP,20.725915908813477,125500,porque,SCONJ,35.43788146972656,125500
289,centuries,NOUN,19.82935333251953,125500,estatuas,NOUN,33.77824783325195,125500
290,",",PUNCT,20.800077438354492,125500,"""",PUNCT,32.345062255859375,125500
291,this,DET,22.153127670288086,125500,mismas,DET,34.187442779541016,125500
292,was,AUX,23.93361473083496,125500,las,DET,32.01774215698242,125500
293,dismissed,VERB,20.683589935302734,125500,caminaban,VERB,33.085262298583984,125500
294,",",PUNCT,19.710012435913086,125500,.,PUNCT,33.42728042602539,125500
295,but,CCONJ,21.769813537597656,125500,0,0,0.0,0
296,actually,ADV,22.292320251464844,125500,0,0,0.0,0
297,it,PRON,24.06121826171875,125500,0,0,0.0,0
298,'s,AUX,22.555463790893555,125500,0,0,0.0,0
299,true,ADJ,21.454532623291016,125500,0,0,0.0,0
300,.,PUNCT,22.13825798034668,125500,0,0,0.0,0
301,The,DET,22.911537170410156,133083,Las,DET,29.6876220703125,133083
302,statues,NOUN,18.878026962280273,133083,estatuas,NOUN,32.310279846191406,133083
303,",",PUNCT,20.57028579711914,133083,",",PUNCT,31.93462371826172,133083
304,known,VERB,20.944276809692383,133083,conocidas,ADJ,33.23316192626953,133083
305,as,SCONJ,23.22917366027832,133083,como,SCONJ,33.38758087158203,133083
306,",",PUNCT,21.463518142700195,133083,"""",PUNCT,32.9457893371582,133083
307,moai,PROPN,20.037012100219727,133083,moái,PROPN,33.0704460144043,133083
308,transported,VERB,23.02290153503418,133083,"""",PUNCT,31.686147689819336,133083
309,",",PUNCT,20.760822296142578,133083,",",PUNCT,30.85894775390625,133083
310,were,AUX,23.27859878540039,133083,fueron,AUX,36.16780090332031,133083
311,standing,VERB,22.06298065185547,133083,trasladadas,VERB,35.82069778442383,133083
312,0,0,0.0,0,a,ADP,32.620391845703125,133083
313,0,0,0.0,0,pie,NOUN,32.263916015625,133083
314,0,0,0.0,0,",",PUNCT,29.370332717895508,133083
315,0,0,0.0,0,haciendo,AUX,33.372074127197266,138500
316,0,0,0.0,0,que,SCONJ,33.16937255859375,138500
317,0,0,0.0,0,se,PRON,32.08254623413086,138500
318,pivoting,VERB,20.69375228881836,138500,movieran,VERB,35.61557388305664,138500
319,to,ADP,21.369617462158203,138500,de,ADP,31.88936996459961,138500
320,side,NOUN,20.798385620117188,138500,lado,NOUN,30.658504486083984,138500
321,from,ADP,22.066301345825195,138500,a,ADP,32.36862564086914,138500
322,side,NOUN,19.23138999938965,138500,lado,NOUN,32.43606185913086,138500
323,.,PUNCT,21.96188735961914,138500,.,PUNCT,32.054012298583984,138500
324,OK,INTJ,23.383451461791992,141750,¿,PUNCT,31.269207000732422,141750
325,0,0,0.0,0,Sí,ADV,32.166786193847656,141750
326,?,PUNCT,20.74376678466797,141750,?,PUNCT,32.52466583251953,141750
327,spectacular,ADJ,19.952001571655273,143042,Y,CONJ,32.341068267822266,142902
328,as,SCONJ,23.405345916748047,143042,si,SCONJ,32.027767181396484,142902
329,As,ADV,20.905284881591797,143042,bien,ADV,34.1517333984375,142902
330,the,DET,22.13279914855957,143042,los,DET,32.5910758972168,142902
331,moai,NOUN,18.037750244140625,143042,moái,PROPN,33.97142028808594,142902
332,are,AUX,21.175249099731445,143042,fascinan,VERB,33.10723876953125,142902
333,for,ADP,21.3640079498291,143042,a,ADP,34.0078010559082,142902
334,0,0,0.0,0,los,DET,35.951629638671875,142902
335,today,NOUN,20.670372009277344,143042,visitantes,NOUN,36.91960525512695,142902
336,0,0,0.0,0,en,ADP,33.698604583740234,142902
337,0,0,0.0,0,la,DET,34.3984375,142902
338,visitors,NOUN,21.99604034423828,143042,actualidad,NOUN,31.969894409179688,142902
339,",",PUNCT,22.47064208984375,143042,",",PUNCT,29.175140380859375,142902
340,you,PRON,23.48339080810547,147000,0,0,0.0,0
341,have,AUX,21.700462341308594,147000,haber,AUX,36.892024993896484,147000
342,to,PART,22.78778839111328,147000,0,0,0.0,0
343,imagine,VERB,25.179719924926758,147000,imaginen,VERB,31.354013442993164,147000
344,being,AUX,22.991390228271484,147000,estado,AUX,33.333797454833984,147000
345,there,ADV,22.119749069213867,147000,allí,ADV,35.45979690551758,147000
346,then,ADV,21.26713752746582,147000,0,0,0.0,0
347,",",PUNCT,20.52853775024414,147000,0,0,0.0,0
348,with,ADP,21.18266487121582,149542,cuando,SCONJ,36.07121276855469,149542
349,colossal,PROPN,17.54108238220215,149542,estos,DET,30.390972137451172,149542
350,moai,PROPN,18.171749114990234,149542,moái,PROPN,32.71613311767578,149542
351,0,0,0.0,0,colosales,ADJ,33.99020767211914,149542
352,0,0,0.0,0,iban,AUX,35.42741012573242,149542
353,marching,VERB,21.641910552978516,149542,marchando,VERB,33.47549057006836,149542
354,around,ADP,20.034996032714844,149542,por,ADP,34.04083251953125,149542
355,the,DET,21.82468032836914,149542,la,DET,35.478187561035156,149542
356,island,NOUN,20.815244674682617,149542,isla,NOUN,33.62147903442383,149542
357,.,PUNCT,21.680498123168945,149542,.,PUNCT,33.278106689453125,149542
358,Because,SCONJ,21.440534591674805,152958,Porque,SCONJ,32.03863525390625,152958
359,the,DET,21.821760177612305,152958,el,DET,34.62877655029297,152958
360,real,ADJ,21.6737003326416,152958,verdadero,ADJ,34.40989685058594,152958
361,memorial,NOUN,21.647287368774414,152958,monumento,NOUN,31.934633255004883,152958
362,was,AUX,25.170326232910156,152958,son,AUX,33.59477615356445,152958
363,not,PART,24.27516746520996,152958,no,ADV,32.572025299072266,152958
364,the,DET,21.695207595825195,152958,los,DET,36.17670440673828,152958
365,objects,NOUN,20.045913696289062,152958,objetos,NOUN,35.71864318847656,152958
366,themselves,PRON,23.828975677490234,152958,mismos,PRON,31.226829528808594,152958
367,",",PUNCT,21.459726333618164,152958,",",PUNCT,31.601032257080078,152958
368,it,PRON,24.789180755615234,158167,sino,CONJ,33.27497863769531,158167
369,was,AUX,24.211769104003906,158167,0,0,0.0,0
370,the,DET,23.48347282409668,158167,el,DET,34.76846694946289,158167
371,cultural,ADJ,20.027429580688477,158167,cultural,ADJ,32.053096771240234,158167
372,ritual,NOUN,19.659473419189453,158167,rito,NOUN,32.404693603515625,158167
373,of,ADP,18.468351364135742,158167,de,ADP,31.647666931152344,158167
374,bringing,VERB,25.720420837402344,158167,conferir,VERB,34.91619873046875,158167
375,a,DET,21.92697525024414,158167,las,DET,31.374271392822266,158167
376,stone,NOUN,20.160608291625977,158167,vida,NOUN,33.96146774291992,158167
377,to,ADP,20.96117401123047,158167,a,ADP,33.15694808959961,158167
378,life,NOUN,20.61107063293457,158167,piedras,NOUN,35.85080337524414,158167
379,.,PUNCT,22.88577651977539,158167,.,PUNCT,33.30944061279297,158167
380,So,ADV,19.20899772644043,163708,también,ADV,35.413658142089844,163708
381,as,SCONJ,22.196510314941406,163708,Como,SCONJ,34.12697982788086,163708
382,an,DET,23.746604919433594,163708,ese,DET,35.59687042236328,163708
383,architect,NOUN,20.118043899536133,163708,arquitecto,NOUN,32.008514404296875,163708
384,",",PUNCT,20.995288848876953,163708,",",PUNCT,31.31833267211914,163708
385,I,PRON,23.860044479370117,163708,0,0,0.0,0
386,'ve,AUX,22.30974578857422,163708,0,0,0.0,0
387,been,AUX,26.125537872314453,163708,0,0,0.0,0
388,chasing,VERB,25.066139221191406,163708,persigo,VERB,32.558372497558594,163708
389,that,DET,21.365509033203125,163708,0,0,0.0,0
390,dream,NOUN,20.148916244506836,163708,sueño,NOUN,32.48818588256836,163708
391,.,PUNCT,20.965303421020508,163708,.,PUNCT,31.381826400756836,163708
392,How,ADV,22.656143188476562,167458,¿,PUNCT,30.039636611938477,167458
393,can,VERB,24.061824798583984,167458,podemos,AUX,34.28091049194336,167458
394,we,PRON,24.61558723449707,167458,Cómo,PRON,30.360397338867188,167458
395,shift,VERB,23.938777923583984,167458,cambiar,VERB,34.133846282958984,167458
396,our,DET,24.344371795654297,167458,nuestra,DET,34.8651237487793,167458
397,idea,NOUN,20.29738426208496,167458,idea,NOUN,33.640132904052734,167458
398,of,ADP,24.655981063842773,167458,de,ADP,32.031307220458984,167458
399,construction,NOUN,21.275501251220703,167458,construcción,NOUN,31.031707763671875,167458
400,to,PART,22.512981414794922,167458,0,0,0.0,0
401,accommodate,VERB,23.45424461364746,167458,0,0,0.0,0
402,that,DET,20.044710159301758,167458,la,DET,32.761165618896484,167458
403,mythical,ADJ,21.465248107910156,167458,0,0,0.0,0
404,side,NOUN,18.559022903442383,167458,0,0,0.0,0
405,?,PUNCT,22.32561492919922,167458,0,0,0.0,0
406,So,ADV,20.715564727783203,173583,0,0,0.0,0
407,what,PRON,22.27775764465332,173583,Me,PRON,30.834516525268555,173583
408,I,PRON,25.20634651184082,173583,0,0,0.0,0
409,'ve,AUX,22.760801315307617,173583,estado,AUX,35.52751541137695,173583
410,been,AUX,25.225183486938477,173583,desafíos,NOUN,32.13011932373047,173583
411,doing,VERB,24.73249053955078,173583,planteando,VERB,33.039371490478516,173583
412,is,AUX,23.979782104492188,173583,he,AUX,35.09383010864258,173583
413,challenging,VERB,21.789684295654297,173583,0,0,0.0,0
414,myself,PRON,20.11244010925293,173583,0,0,0.0,0
415,with,ADP,22.475339889526367,175750,y,CONJ,31.75847816467285,175750
416,0,0,0.0,0,he,AUX,36.10253143310547,175750
417,putting,VERB,24.132038116455078,175750,puesto,VERB,35.21461486816406,175750
418,on,ADP,21.257112503051758,175750,en,ADP,35.056182861328125,175750
419,series,NOUN,20.24508285522461,175750,escena,NOUN,31.926977157592773,175750
420,a,DET,22.0771484375,175750,una,DET,32.61111068725586,175750
421,performances,NOUN,21.659353256225586,175750,serie,NOUN,33.16919708251953,175750
422,of,ADP,24.847299575805664,175750,de,ADP,32.761932373046875,175750
423,0,0,0.0,0,presentaciones,NOUN,33.39445114135742,175750
424,of,ADP,21.452892303466797,178875,de,ADP,32.003353118896484,178875
425,moving,VERB,21.32756805419922,178875,mover,VERB,34.298561096191406,178875
426,just,ADV,25.207319259643555,178875,y,CONJ,33.416500091552734,178875
427,standing,VERB,21.521928787231445,178875,poner,VERB,34.98728561401367,178875
428,and,CCONJ,22.89699363708496,178875,de,ADP,31.87103843688965,178875
429,0,0,0.0,0,pie,NOUN,31.216938018798828,178875
430,objects,NOUN,21.096750259399414,178875,objetos,NOUN,36.84137725830078,178875
431,heavy,ADJ,18.54759979248047,178875,enormes,ADJ,33.887699127197266,178875
432,0,0,0.0,0,y,CONJ,34.04740524291992,178875
433,big,ADJ,21.417442321777344,178875,pesados,ADJ,35.43257522583008,178875
434,",",PUNCT,20.367610931396484,178875,",",PUNCT,31.225849151611328,178875
435,like,SCONJ,21.252607345581055,185542,como,SCONJ,36.66659164428711,185542
436,this,DET,21.095317840576172,185542,este,DET,38.255924224853516,185542
437,16-foot,NUM,20.087621688842773,185542,5,NUM,32.114994049072266,185542
438,-,PUNCT,23.54387855529785,185542,de,ADP,30.6115779876709,185542
439,tall,ADJ,20.49407196044922,185542,casi,ADV,31.901479721069336,185542
440,megalith,NOUN,20.97427749633789,185542,megalito,NOUN,31.334550857543945,185542
441,designed,VERB,20.928817749023438,185542,m,NOUN,30.610177993774414,185542
442,to,PART,23.5390682220459,185542,0,0,0.0,0
443,walk,VERB,23.563926696777344,185542,0,0,0.0,0
444,across,ADP,19.15848731994629,185542,de,ADP,31.42841339111328,185542
445,land,NOUN,17.885866165161133,185542,altura,NOUN,29.100482940673828,185542
446,and,CCONJ,20.699243545532227,189500,diseñado,ADJ,33.0499267578125,187680
447,0,0,0.0,0,para,ADP,33.18812561035156,187680
448,stand,VERB,20.4928035736084,189500,caminar,VERB,35.04253387451172,187680
449,0,0,0.0,0,y,CONJ,31.84922981262207,187680
450,vertically,ADV,20.09889793395996,189500,mantenerse,ADV,31.135671615600586,187680
451,0,0,0.0,0,erguido,ADJ,30.467409133911133,187680
452,;,PUNCT,18.35483741760254,189500,;,PUNCT,32.23991394042969,187680
453,or,CCONJ,19.84184455871582,192000,o,CONJ,32.83626937866211,192000
454,this,DET,20.684432983398438,192000,este,DET,36.10554885864258,192000
455,"4,000-pound",NUM,20.182851791381836,192000,2,NUM,32.14790344238281,192000
456,behemoth,NOUN,19.402833938598633,192000,gigante,NOUN,33.659969329833984,192000
457,that,SCONJ,19.45050048828125,192000,casi,ADV,33.28681945800781,192000
458,springs,VERB,20.03903579711914,192000,0,0,0.0,0
459,itself,PRON,20.764495849609375,192000,0,0,0.0,0
460,to,ADP,20.59614372253418,192000,de,ADP,31.73651123046875,192000
461,life,NOUN,20.318958282470703,192000,toneladas,NOUN,33.81248092651367,192000
462,to,PART,22.12499237060547,196417,que,SCONJ,33.89878463745117,194487
463,onstage,ADV,20.436988830566406,196417,se,PRON,32.090660095214844,194487
464,dance,VERB,22.25176239013672,196417,incorpora,VERB,34.1836051940918,194487
465,.,PUNCT,21.55091094970703,196417,y,CONJ,33.03937530517578,194487
466,0,0,0.0,0,cobra,VERB,33.34687042236328,194487
467,0,0,0.0,0,vida,NOUN,30.634336471557617,194487
468,0,0,0.0,0,para,ADP,36.59468460083008,194487
469,0,0,0.0,0,bailar,VERB,37.09652328491211,194487
470,0,0,0.0,0,en,ADP,33.14375305175781,194487
471,0,0,0.0,0,el,DET,33.827598571777344,194487
472,0,0,0.0,0,escenario,NOUN,30.054534912109375,194487
473,0,0,0.0,0,.,PUNCT,31.4731502532959,194487
474,And,CCONJ,21.12668228149414,199792,Y,CONJ,32.69131851196289,199792
475,what,PRON,21.689170837402344,199792,0,0,0.0,0
476,I,PRON,25.10746192932129,199792,descubierto,VERB,34.06047439575195,199792
477,'ve,AUX,22.136201858520508,199792,he,AUX,35.574954986572266,199792
478,found,VERB,23.191509246826172,199792,concebir,VERB,34.596397399902344,199792
479,is,AUX,22.315685272216797,199792,la,DET,35.07716751098633,199792
480,that,SCONJ,20.96293830871582,199792,que,SCONJ,34.452354431152344,199792
481,by,ADP,21.437469482421875,199792,al,ADP,33.152496337890625,199792
482,thinking,NOUN,21.280839920043945,199792,arquitectura,NOUN,30.563661575317383,199792
483,of,ADP,22.461132049560547,199792,0,0,0.0,0
484,architecture,NOUN,20.456499099731445,199792,0,0,0.0,0
485,not,PART,20.889026641845703,203167,no,ADV,32.289588928222656,203167
486,as,SCONJ,22.114177703857422,203167,como,SCONJ,34.700443267822266,203167
487,an,DET,22.29532814025879,203167,un,DET,37.60150146484375,203167
488,end,NOUN,17.48777198791504,203167,producto,NOUN,34.29703140258789,203167
489,product,NOUN,18.89643096923828,203167,final,ADJ,34.093177795410156,203167
490,but,CCONJ,21.8247013092041,203167,sino,CONJ,33.17753601074219,203167
491,as,SCONJ,21.79424476623535,203167,como,SCONJ,35.150569915771484,203167
492,a,DET,24.374897003173828,203167,una,DET,34.74848937988281,203167
493,performance,NOUN,20.16924285888672,203167,interpretación,NOUN,32.27872085571289,203167
494,0,0,0.0,0,",",PUNCT,29.797466278076172,203167
495,from,ADP,20.422992706298828,206750,desde,ADP,35.52455139160156,206750
496,0,0,0.0,0,la,DET,32.83816146850586,206750
497,conception,NOUN,19.20850372314453,206750,idea,NOUN,29.749170303344727,206750
498,0,0,0.0,0,misma,DET,33.74787521362305,206750
499,to,ADP,21.820087432861328,206750,hasta,ADP,34.276912689208984,206750
500,0,0,0.0,0,su,DET,34.24630355834961,206750
501,completion,NOUN,19.982532501220703,206750,concreción,NOUN,31.88714599609375,206750
502,",",PUNCT,22.388708114624023,206750,",",PUNCT,30.027482986450195,206750
503,we,PRON,23.93368148803711,210125,0,0,0.0,0
504,end,VERB,22.847871780395508,210125,redescubrimos,VERB,34.48572540283203,210125
505,up,ADP,23.030057907104492,210125,de,ADP,30.603498458862305,210125
506,rediscovering,VERB,22.52264976501465,210125,formas,NOUN,34.36209487915039,210125
507,some,DET,22.456544876098633,210125,algunas,DET,36.51793670654297,210125
508,really,ADV,23.92208480834961,210125,verdaderamente,ADV,36.36373519897461,210125
509,smart,ADJ,20.892019271850586,210125,ingeniosas,ADJ,34.725914001464844,210125
510,ways,NOUN,22.105060577392578,210125,construcción,NOUN,31.350379943847656,210125
511,to,PART,23.140947341918945,210125,0,0,0.0,0
512,build,VERB,25.112972259521484,210125,0,0,0.0,0
513,things,NOUN,22.38990592956543,210125,0,0,0.0,0
514,today,NOUN,20.546072006225586,210125,0,0,0.0,0
515,.,PUNCT,22.87914276123047,210125,.,PUNCT,33.44013214111328,210125
516,You,PRON,24.06308937072754,215375,La,DET,33.74756622314453,215375
517,know,VERB,23.803876876831055,215375,0,0,0.0,0
518,",",PUNCT,19.883146286010742,215375,parte,NOUN,31.225040435791016,215375
519,so,ADV,18.87983512878418,215375,del,ADP,34.17578887939453,215375
520,much,ADJ,22.56139373779297,215375,mayor,ADJ,35.76837921142578,215375
521,of,ADP,24.1629638671875,215375,sobre,ADP,31.069875717163086,215375
522,the,DET,22.43610191345215,215375,el,DET,34.5610466003418,215375
523,discussion,NOUN,19.489240646362305,215375,futuro,NOUN,31.879615783691406,215375
524,surrounding,VERB,25.06191635131836,215375,0,0,0.0,0
525,our,DET,23.694808959960938,215375,0,0,0.0,0
526,future,NOUN,19.78540802001953,215375,debate,NOUN,29.37420082092285,215375
527,focuses,NOUN,21.771955490112305,218167,se,PRON,33.90974426269531,217917
528,technology,NOUN,19.332799911499023,218167,centra,VERB,34.14315414428711,217917
529,on,ADP,20.058059692382812,218167,en,ADP,34.152008056640625,217917
530,0,0,0.0,0,la,DET,33.61579895019531,217917
531,efficiency,NOUN,20.45721435546875,218167,tecnología,NOUN,30.859560012817383,217917
532,",",PUNCT,22.320621490478516,218167,",",PUNCT,30.35478401184082,217917
533,and,CCONJ,24.017242431640625,218167,la,DET,34.185001373291016,217917
534,speed,NOUN,20.1325740814209,218167,eficacia,NOUN,31.00220489501953,217917
535,0,0,0.0,0,y,CONJ,30.742490768432617,217917
536,0,0,0.0,0,la,DET,33.99861145019531,217917
537,0,0,0.0,0,velocidad,NOUN,31.655261993408203,217917
538,.,PUNCT,21.40456771850586,218167,.,PUNCT,33.138084411621094,217917
539,But,CCONJ,22.406362533569336,222167,Pero,CONJ,32.381351470947266,222167
540,if,SCONJ,21.40353775024414,222167,si,SCONJ,35.6722526550293,222167
541,I,PRON,23.239028930664062,222167,0,0,0.0,0
542,'ve,AUX,22.37630271911621,222167,hemos,AUX,33.98813247680664,222167
543,learned,VERB,23.56100082397461,222167,aprendido,VERB,33.82047653198242,222167
544,anything,PRON,23.25305938720703,222167,algo,PRON,33.77191925048828,222167
545,from,ADP,21.368995666503906,222167,de,ADP,30.482450485229492,222167
546,Cyclops,PROPN,20.284652709960938,222167,los,DET,35.61545944213867,222167
547,",",PUNCT,19.786428451538086,222167,",",PUNCT,30.912845611572266,222167
548,it,PRON,23.267467498779297,224250,0,0,0.0,0
549,'s,AUX,21.21880340576172,224250,0,0,0.0,0
550,that,SCONJ,20.456668853759766,224250,0,0,0.0,0
551,wonders,NOUN,21.644533157348633,224250,cíclopes,NOUN,36.71394348144531,222167
552,can,VERB,24.726850509643555,224250,0,0,0.0,0
553,be,AUX,25.036909103393555,224250,0,0,0.0,0
554,smart,ADJ,21.802724838256836,224250,0,0,0.0,0
555,",",PUNCT,21.075185775756836,224250,0,0,0.0,0
556,spectacular,ADJ,19.120601654052734,224250,0,0,0.0,0
557,and,CCONJ,20.877460479736328,228792,y,CONJ,34.74233627319336,228792
558,sustainable,ADJ,17.49036407470703,228792,sustentables,ADJ,33.57332992553711,228792
559,--,PUNCT,19.8269100189209,228792,",",PUNCT,30.98287010192871,228792
560,0,0,0.0,0,tanto,ADV,35.29771423339844,230500
561,of,ADP,22.03676986694336,230500,por,ADP,32.72285461425781,230500
562,their,DET,22.636137008666992,230500,su,DET,33.951568603515625,230500
563,mass,NOUN,19.19242286682129,230500,masa,NOUN,31.627487182617188,230500
564,because,SCONJ,20.645954132080078,230500,como,SCONJ,34.48762130737305,230500
565,and,CCONJ,23.93877601623535,230500,por,ADP,31.9304141998291,230500
566,their,DET,21.233192443847656,230500,su,DET,34.94926071166992,230500
567,mystery,NOUN,19.516992568969727,230500,misterio,NOUN,31.20253562927246,230500
568,.,PUNCT,22.1405086517334,230500,.,PUNCT,32.12132263183594,230500
569,And,CCONJ,20.619367599487305,234000,0,0,0.0,0
570,while,SCONJ,20.23750877380371,234000,Si,SCONJ,31.528728485107422,233860
571,people,NOUN,25.153505325317383,234000,gente,NOUN,31.743371963500977,233860
572,still,ADV,26.316152572631836,234000,bien,ADV,35.783042907714844,233860
573,want,VERB,23.535905838012695,234000,quiere,VERB,34.87902069091797,233860
574,to,PART,22.737001419067383,234000,0,0,0.0,0
575,know,VERB,25.3819580078125,234000,saber,VERB,34.70357131958008,233860
576,how,ADV,23.45686912536621,234000,aún,ADV,35.576438903808594,233860
577,those,DET,20.50417709350586,234000,la,DET,32.7265625,233860
578,ancient,ADJ,21.714975357055664,234000,0,0,0.0,0
579,wonders,NOUN,23.496450424194336,234000,0,0,0.0,0
580,were,AUX,23.9202938079834,234000,0,0,0.0,0
581,built,VERB,23.188703536987305,234000,0,0,0.0,0
582,",",PUNCT,20.650545120239258,234000,0,0,0.0,0
583,I,PRON,24.131887435913086,237833,yo,PRON,33.4204216003418,237783
584,'ve,AUX,22.28736114501953,237833,he,AUX,35.262596130371094,237783
585,been,AUX,26.682857513427734,237833,estado,AUX,35.87739562988281,237783
586,asking,VERB,23.35430335998535,237833,consultando,VERB,33.79012680053711,237783
587,Cyclops,PROPN,18.344587326049805,237833,a,ADP,34.33036422729492,237783
588,how,ADV,21.313251495361328,237833,0,0,0.0,0
589,to,PART,22.970590591430664,237833,cómo,PRON,35.141422271728516,237783
590,create,VERB,25.291887283325195,237833,sobre,ADP,32.79222869873047,237783
591,the,DET,21.761367797851562,237833,los,DET,36.54985809326172,237783
592,mystery,NOUN,20.59899139404297,237833,cíclopes,NOUN,36.534996032714844,237783
593,that,DET,18.654125213623047,240667,el,DET,35.81433868408203,237783
594,compels,VERB,19.25839614868164,240667,crear,VERB,34.78164291381836,237783
595,people,NOUN,21.99068832397461,240667,misterio,NOUN,30.830278396606445,237783
596,to,PART,23.60064125061035,240667,0,0,0.0,0
597,ask,VERB,24.356714248657227,240667,0,0,0.0,0
598,that,DET,18.839599609375,240667,0,0,0.0,0
599,very,ADJ,19.58344268798828,240667,0,0,0.0,0
600,question,NOUN,19.60085678100586,240667,0,0,0.0,0
601,.,PUNCT,21.403362274169922,240667,0,0,0.0,0
602,Because,SCONJ,19.836570739746094,244375,que,SCONJ,32.2165641784668,244375
603,in,ADP,18.67640495300293,244375,en,ADP,33.85181427001953,244375
604,an,DET,24.10396385192871,244375,una,DET,33.182701110839844,244375
605,era,NOUN,20.848703384399414,244375,era,NOUN,34.40293884277344,244375
606,where,ADV,22.21671485900879,244375,Ya,ADV,33.24868392944336,244375
607,we,PRON,23.04231071472168,244375,que,PRON,34.152164459228516,244375
608,design,VERB,22.70464324951172,244375,la,DET,34.25004577636719,244375
609,buildings,NOUN,20.957204818725586,244375,edificios,NOUN,35.07593536376953,244375
610,to,PART,22.55044174194336,246458,en,ADP,32.661651611328125,244375
611,last,VERB,21.163299560546875,246458,diseñamos,VERB,33.178810119628906,244375
612,30,NUM,20.777515411376953,246458,0,0,0.0,0
613,",",PUNCT,23.131698608398438,246458,0,0,0.0,0
614,maybe,ADV,22.927236557006836,246458,0,0,0.0,0
615,60,NUM,22.827381134033203,246458,0,0,0.0,0
616,years,NOUN,21.3994083404541,246458,0,0,0.0,0
617,",",PUNCT,20.537960052490234,246458,0,0,0.0,0
618,I,PRON,24.617250442504883,249875,mí,PRON,34.24440002441406,249875
619,would,VERB,27.172693252563477,249875,a,ADP,32.81767654418945,249875
620,love,VERB,24.8321590423584,249875,me,PRON,31.159833908081055,249875
621,to,PART,23.0821590423584,249875,encantaría,AUX,35.07487869262695,249875
622,learn,VERB,24.668872833251953,249875,aprender,VERB,35.43982696533203,249875
623,how,ADV,22.193706512451172,249875,a,ADP,34.2504768371582,249875
624,to,PART,21.830995559692383,249875,obras,NOUN,33.48344039916992,249875
625,create,VERB,24.870412826538086,249875,crear,VERB,34.45275115966797,249875
626,something,PRON,19.663347244262695,249875,que,PRON,33.301998138427734,249875
627,that,DET,21.16750144958496,252542,toda,DET,35.697113037109375,249875
628,could,VERB,23.289161682128906,252542,entretengan,VERB,35.49653625488281,249875
629,entertain,VERB,21.69088363647461,252542,0,0,0.0,0
630,for,ADP,22.013700485229492,252542,durante,ADP,34.74190902709961,249875
631,an,DET,23.439353942871094,252542,la,DET,31.030384063720703,249875
632,eternity,NOUN,21.34699058532715,252542,eternidad,NOUN,32.569496154785156,249875
633,.,PUNCT,21.745893478393555,252542,.,PUNCT,33.50402069091797,249875
634,Thank,VERB,21.96343421936035,255083,0,0,0.0,0
635,you,PRON,23.480247497558594,255083,Aplausos,PROPN,34.93049240112305,256375
636,.,PUNCT,21.49152946472168,255083,(,PUNCT,29.47212028503418,256375
637,(,PUNCT,19.33601188659668,256375,.,PUNCT,31.750553131103516,255083
638,Applause,NOUN,21.975845336914062,256375,Gracias,NOUN,29.708393096923828,255083
639,),PUNCT,20.301513671875,256375,),PUNCT,30.808273315429688,256375
